,owned,make_model,review_month,web_browser,reviewer_age,primary_use,value_for_money,overall_rating
0,1,Nielah-Eyden,unknown,Chrome,23,Commuting,5/10,18.62
1,0,Nielah-Keetra,unknown,unknown,24,Commuting,4/10,15.55
2,0,Lunna-Keetra,Oct,Chrome,28,Commuting,5/10,12.76
3,1,Hoang-Keetra,Nov,IE,41,Leisure,5/10,17.07
4,1,Lunna-Keetra,Sep,Chrome,33,Leisure,5/10,12.29
5,0,Lunna-Eyden,Aug,IE,47,Commuting,5/10,15.28
6,0,Lunna-Keetra,Mar,Chrome,20,Leisure,3/10,12.28
7,1,Nielah-Keetra,Mar,Chrome,32,Commuting,7/10,15.92
8,1,Nielah-Eyden,Mar,Chrome,35,Commuting,4/10,19.39
9,1,Nielah-Eyden,unknown,Firefox,22,Commuting,6/10,18.38
10,1,Nielah-Eyden,unknown,Chrome,41,Commuting,4/10,19.26
11,0,Nielah-Keetra,Nov,Chrome,35,Commuting,5/10,15.84
12,1,Nielah-Eyden,unknown,IE,29,Commuting,6/10,19.25
13,0,Lunna-Eyden,unknown,unknown,41,Commuting,3/10,15.55
14,1,Nielah-Eyden,unknown,Chrome,39,Commuting,6/10,19.11
15,1,Nielah-Eyden,Dec,Chrome,33,Leisure,5/10,19.23
16,0,Nielah-Eyden,Nov,Safari,42,Commuting,3/10,19.66
17,1,Hoang-Eyden,Dec,IE,36,Leisure,6/10,20.38
18,1,Nielah-Eyden,unknown,Chrome,40,Commuting,5/10,18.28
19,0,Nielah-Eyden,unknown,IE,27,Commuting,4/10,18.23
20,0,Lunna-Keetra,unknown,Android,29,Leisure,6/10,12.33
21,1,Nielah-Keetra,unknown,IE,48,Commuting,3/10,16.0
22,0,Lunna-Keetra,Jun,unknown,33,Leisure,4/10,12.93
23,0,Hoang-Keetra,Jul,Safari,24,Leisure,3/10,17.27
24,1,Nielah-Eyden,unknown,Firefox,34,Commuting,4/10,18.83
25,0,Lunna-Keetra,Aug,Chrome,24,Commuting,6/10,12.05
26,0,Lunna-Eyden,Feb,IE,16,Commuting,4/10,15.2
27,1,Nielah-Eyden,Jul,IE,21,Commuting,6/10,18.86
28,0,Lunna-Eyden,Nov,IE,25,Leisure,5/10,15.14
29,1,Hoang-Eyden,Apr,IE,41,Leisure,5/10,20.94
30,0,Lunna-Eyden,unknown,IE,30,Commuting,5/10,14.73
31,1,Hoang-Keetra,Jul,Chrome,32,Commuting,5/10,17.27
32,0,Lunna-Eyden,Nov,Firefox,21,Commuting,5/10,15.12
33,1,Nielah-Eyden,Sep,Safari,32,Leisure,5/10,19.06
34,0,Nielah-Eyden,Dec,Firefox,46,Leisure,2/10,18.75
35,1,Nielah-Keetra,unknown,unknown,22,Commuting,6/10,16.25
36,0,Lunna-Eyden,Jul,unknown,47,Commuting,3/10,15.73
37,1,Nielah-Eyden,unknown,Firefox,23,Commuting,4/10,20.2
38,0,Nielah-Eyden,unknown,Chrome,30,Commuting,6/10,18.51
39,1,Nielah-Eyden,Nov,IE,48,Commuting,6/10,18.32
40,1,Hoang-Keetra,Jun,unknown,24,Leisure,4/10,17.93
41,0,Nielah-Keetra,unknown,Chrome,24,Commuting,2/10,15.28
42,1,Nielah-Eyden,unknown,Chrome,37,Leisure,4/10,19.08
43,0,Hoang-Keetra,unknown,IE,31,Leisure,2/10,17.24
44,0,Lunna-Keetra,May,unknown,17,Commuting,4/10,12.06
45,0,Hoang-Keetra,unknown,IE,29,Commuting,5/10,16.93
46,1,Nielah-Eyden,Sep,Chrome,34,Commuting,7/10,18.4
47,1,Hoang-Eyden,Sep,Chrome,36,Leisure,6/10,20.18
48,0,Lunna-Keetra,Oct,IE,37,Leisure,5/10,12.01
49,1,Nielah-Eyden,unknown,Firefox,42,Commuting,6/10,18.51
50,0,Lunna-Eyden,Oct,Chrome,16,Commuting,6/10,14.8
51,1,Nielah-Eyden,Apr,Chrome,44,Commuting,4/10,18.77
52,1,Nielah-Eyden,unknown,Chrome,32,Commuting,7/10,18.51
53,1,Nielah-Eyden,Feb,Chrome,32,Commuting,4/10,19.18
54,1,Hoang-Eyden,unknown,Chrome,41,Commuting,6/10,20.33
55,0,Lunna-Keetra,Nov,Chrome,37,Commuting,4/10,12.07
56,0,Lunna-Eyden,Feb,Firefox,32,Commuting,4/10,15.13
57,0,Nielah-Eyden,unknown,Safari,28,Leisure,5/10,19.02
58,1,Nielah-Eyden,Jul,IE,48,Commuting,7/10,18.86
59,1,Nielah-Eyden,Jul,Opera,20,Commuting,4/10,18.31
60,1,Nielah-Eyden,Apr,Chrome,42,Commuting,6/10,18.64
61,0,Nielah-Eyden,Apr,IE,33,Commuting,4/10,18.85
62,1,Nielah-Eyden,Oct,Safari,36,Commuting,4/10,18.64
63,1,Nielah-Eyden,unknown,Chrome,35,Commuting,5/10,18.61
64,0,Lunna-Keetra,Jul,Firefox,40,Commuting,4/10,12.14
65,1,Hoang-Keetra,Mar,Firefox,44,Commuting,5/10,18.14
66,0,Hoang-Keetra,Sep,unknown,23,Leisure,3/10,17.37
67,1,Hoang-Eyden,Jun,Opera,31,Leisure,6/10,22.76
68,0,Lunna-Keetra,unknown,Chrome,26,Leisure,3/10,12.14
69,0,Lunna-Keetra,May,Safari,33,Leisure,6/10,12.22
70,0,Nielah-Eyden,unknown,Chrome,38,Leisure,4/10,19.26
71,1,Lunna-Eyden,unknown,Firefox,32,Commuting,6/10,15.83
72,1,Hoang-Eyden,Mar,Chrome,21,Leisure,7/10,21.33
73,0,Nielah-Eyden,Feb,Safari,33,Leisure,4/10,18.55
74,1,Lunna-Eyden,Aug,Chrome,47,Commuting,4/10,16.59
75,0,Nielah-Keetra,unknown,Chrome,42,Leisure,3/10,16.17
76,0,Lunna-Keetra,unknown,unknown,32,Commuting,3/10,12.5
77,0,Lunna-Eyden,Jun,IE,32,Commuting,3/10,15.06
78,1,Hoang-Keetra,Jul,Safari,49,Commuting,7/10,18.13
79,0,Lunna-Eyden,unknown,Chrome,23,Commuting,6/10,14.79
80,1,Nielah-Eyden,Feb,IE,26,Commuting,6/10,18.29
81,0,Lunna-Keetra,Jun,Chrome,32,Commuting,4/10,12.84
82,1,Lunna-Keetra,unknown,Firefox,27,Commuting,5/10,13.18
83,0,Lunna-Eyden,unknown,Safari,23,Commuting,6/10,15.22
84,1,Nielah-Eyden,Apr,unknown,16,Commuting,6/10,19.13
85,1,Nielah-Keetra,unknown,IE,44,Commuting,4/10,15.73
86,1,Nielah-Eyden,Jul,Android,44,Commuting,6/10,19.16
87,0,Lunna-Keetra,unknown,Firefox,31,Leisure,4/10,12.17
88,0,Lunna-Eyden,unknown,Chrome,20,Commuting,6/10,15.42
89,0,Hoang-Keetra,May,unknown,20,Commuting,5/10,16.97
90,0,Nielah-Keetra,Oct,Firefox,21,Commuting,5/10,15.44
91,1,Nielah-Eyden,Aug,Firefox,32,Commuting,6/10,18.76
92,1,Lunna-Eyden,May,Firefox,46,Leisure,9/10,15.26
93,0,Lunna-Keetra,Mar,Chrome,34,Leisure,4/10,12.17
94,1,Hoang-Eyden,Dec,Firefox,36,Leisure,5/10,20.38
95,0,Lunna-Keetra,unknown,Firefox,32,Commuting,5/10,12.82
96,0,Lunna-Eyden,unknown,Chrome,30,Commuting,3/10,15.38
97,1,Lunna-Eyden,Apr,IE,30,Commuting,5/10,16.56
98,1,Hoang-Keetra,unknown,Chrome,40,Leisure,7/10,17.13
99,1,Nielah-Eyden,unknown,Firefox,22,Commuting,5/10,19.32
100,1,Hoang-Keetra,unknown,IE,28,Leisure,5/10,16.98
101,0,Lunna-Eyden,unknown,Opera,29,Commuting,4/10,15.5
102,0,Lunna-Eyden,Aug,Safari,46,Leisure,4/10,15.23
103,1,Hoang-Eyden,unknown,Firefox,42,Commuting,7/10,20.29
104,1,Hoang-Keetra,unknown,unknown,38,Leisure,5/10,17.44
105,1,Nielah-Eyden,Feb,Chrome,46,Commuting,8/10,18.74
106,0,Lunna-Keetra,Sep,Firefox,22,Commuting,3/10,12.57
107,1,Hoang-Keetra,unknown,IE,16,Commuting,4/10,17.42
108,1,Hoang-Eyden,unknown,Firefox,32,Leisure,6/10,21.18
109,1,Nielah-Keetra,Aug,Firefox,27,Commuting,8/10,15.85
110,0,Lunna-Eyden,unknown,Firefox,50,Commuting,4/10,14.88
111,1,Hoang-Keetra,unknown,IE,32,Leisure,5/10,17.67
112,1,Lunna-Eyden,unknown,IE,30,Commuting,5/10,14.71
113,1,Nielah-Eyden,Jun,Chrome,27,Leisure,3/10,20.0
114,0,Lunna-Eyden,unknown,Chrome,32,Commuting,5/10,15.51
115,1,Hoang-Eyden,Dec,IE,22,Commuting,5/10,20.12
116,1,Nielah-Eyden,unknown,Chrome,32,Leisure,5/10,18.93
117,0,Lunna-Eyden,unknown,Chrome,46,Commuting,3/10,14.98
118,1,Nielah-Eyden,Apr,Chrome,27,Commuting,6/10,18.88
119,0,Lunna-Eyden,Nov,Safari,50,Commuting,6/10,14.75
120,1,Nielah-Eyden,unknown,Firefox,39,Commuting,6/10,19.53
121,0,Nielah-Eyden,unknown,Chrome,46,Commuting,4/10,18.32
122,0,Lunna-Eyden,unknown,Chrome,32,Leisure,5/10,14.81
123,1,Hoang-Eyden,unknown,IE,27,Leisure,6/10,20.93
124,0,Nielah-Eyden,Aug,Firefox,47,Commuting,6/10,18.7
125,0,Nielah-Eyden,Mar,Chrome,41,Commuting,6/10,18.34
126,1,Lunna-Keetra,Oct,Chrome,45,Leisure,5/10,12.49
127,0,Lunna-Keetra,Jan,unknown,41,Commuting,6/10,12.83
128,0,Lunna-Eyden,Nov,Chrome,17,Commuting,3/10,15.36
129,1,Hoang-Eyden,unknown,Chrome,27,Commuting,6/10,19.97
130,1,Lunna-Eyden,Mar,Chrome,42,Commuting,5/10,15.47
131,1,Hoang-Eyden,Aug,IE,20,Commuting,5/10,20.38
132,1,Nielah-Eyden,Oct,Chrome,21,Commuting,3/10,18.38
133,0,Nielah-Keetra,unknown,Chrome,32,Commuting,3/10,15.54
134,1,Hoang-Eyden,Mar,Firefox,41,Leisure,5/10,20.16
135,1,Nielah-Eyden,Jul,IE,21,Commuting,4/10,18.95
136,1,Nielah-Eyden,unknown,Chrome,16,Commuting,7/10,19.02
137,1,Hoang-Eyden,Oct,Chrome,34,Commuting,6/10,20.96
138,1,Lunna-Eyden,Nov,Chrome,34,Leisure,4/10,15.65
139,0,Nielah-Eyden,Apr,Chrome,20,Commuting,5/10,18.42
140,0,Nielah-Eyden,Aug,unknown,38,Commuting,8/10,19.01
141,0,Nielah-Keetra,unknown,Firefox,30,Commuting,3/10,15.63
142,0,Lunna-Keetra,Aug,Firefox,50,Leisure,5/10,11.97
143,0,Lunna-Eyden,unknown,IE,32,Leisure,5/10,15.51
144,1,Nielah-Eyden,Oct,Firefox,41,Commuting,3/10,18.47
145,1,Nielah-Eyden,unknown,Firefox,32,Commuting,6/10,18.51
146,1,Nielah-Eyden,unknown,Firefox,20,Leisure,7/10,18.62
147,0,Nielah-Eyden,Nov,unknown,19,Commuting,5/10,18.62
148,1,Lunna-Eyden,unknown,Chrome,20,Leisure,4/10,15.54
149,0,Lunna-Eyden,unknown,Firefox,39,Commuting,5/10,15.29
150,1,Nielah-Eyden,unknown,Chrome,32,Commuting,5/10,19.34
151,0,Lunna-Eyden,unknown,unknown,17,Commuting,5/10,14.66
152,1,Lunna-Eyden,Oct,Safari,17,Commuting,4/10,15.26
153,1,Nielah-Eyden,unknown,Firefox,27,Commuting,6/10,18.41
154,1,Hoang-Keetra,Dec,Chrome,33,Leisure,6/10,18.1
155,0,Lunna-Eyden,unknown,Chrome,17,Commuting,2/10,14.66
156,1,Nielah-Eyden,unknown,Chrome,36,Commuting,5/10,19.6
157,1,Hoang-Keetra,unknown,Chrome,31,Commuting,8/10,18.03
158,0,Lunna-Eyden,Jul,Chrome,32,Leisure,4/10,15.38
159,1,Hoang-Eyden,unknown,IE,27,Commuting,6/10,20.55
160,1,Nielah-Eyden,unknown,Safari,46,Commuting,6/10,18.88
161,0,Lunna-Keetra,Feb,unknown,45,Commuting,3/10,13.17
162,0,Nielah-Eyden,unknown,Chrome,46,Commuting,5/10,18.49
163,1,Nielah-Eyden,unknown,Chrome,44,Commuting,7/10,18.45
164,1,Hoang-Eyden,May,Chrome,37,Commuting,6/10,20.77
165,0,Lunna-Eyden,Jul,Firefox,41,Commuting,6/10,15.17
166,1,Lunna-Eyden,May,IE,29,Leisure,5/10,16.52
167,1,Nielah-Eyden,unknown,Chrome,43,Commuting,3/10,18.17
168,0,Lunna-Eyden,Jun,Chrome,30,Commuting,4/10,14.97
169,0,Lunna-Keetra,Oct,Safari,43,Leisure,4/10,12.12
170,0,Lunna-Eyden,unknown,Firefox,35,Commuting,6/10,15.46
171,0,Lunna-Eyden,unknown,Safari,35,Commuting,3/10,14.97
172,1,Nielah-Eyden,Sep,Chrome,38,Commuting,5/10,19.21
173,0,Nielah-Eyden,unknown,IE,42,Commuting,4/10,20.08
174,0,Lunna-Eyden,Feb,Chrome,32,Commuting,2/10,15.28
175,1,Nielah-Eyden,Sep,Safari,39,Commuting,7/10,19.55
176,0,Lunna-Eyden,unknown,Firefox,39,Commuting,6/10,14.73
177,1,Nielah-Eyden,unknown,IE,22,Commuting,6/10,18.53
178,1,Nielah-Eyden,unknown,Firefox,40,Leisure,5/10,19.28
179,0,Lunna-Eyden,unknown,Chrome,22,Commuting,5/10,15.71
180,1,Nielah-Keetra,unknown,Safari,47,Commuting,7/10,15.85
181,1,Nielah-Eyden,Sep,Chrome,20,Commuting,7/10,18.44
182,1,Hoang-Keetra,Apr,IE,48,Commuting,3/10,17.54
183,1,Nielah-Eyden,Sep,IE,42,Leisure,7/10,18.59
184,0,Lunna-Eyden,Nov,Chrome,32,Commuting,4/10,14.83
185,0,Hoang-Keetra,Jun,IE,19,Commuting,3/10,17.16
186,1,Lunna-Eyden,Dec,Safari,45,Commuting,6/10,16.16
187,1,Lunna-Eyden,unknown,Chrome,19,Commuting,6/10,15.19
188,1,Nielah-Keetra,Jul,Safari,43,Commuting,5/10,16.97
189,0,Lunna-Keetra,Jul,Firefox,46,Commuting,4/10,12.6
190,0,Lunna-Keetra,unknown,Chrome,17,Leisure,2/10,13.04
191,0,Lunna-Eyden,unknown,Firefox,29,Leisure,4/10,14.78
192,0,Nielah-Eyden,Jun,Chrome,28,Leisure,4/10,19.0
193,0,Nielah-Eyden,Mar,Chrome,25,Commuting,3/10,18.45
194,1,Nielah-Eyden,unknown,Safari,23,Commuting,6/10,18.62
195,1,Hoang-Eyden,unknown,IE,39,Leisure,5/10,19.87
196,1,Lunna-Eyden,unknown,Firefox,17,Commuting,7/10,15.52
197,1,Lunna-Eyden,unknown,Firefox,47,Commuting,8/10,15.27
198,1,Nielah-Eyden,unknown,IE,48,Commuting,7/10,18.37
199,1,Hoang-Eyden,Jul,Firefox,29,Leisure,6/10,20.83
200,0,Lunna-Eyden,Sep,unknown,41,Commuting,5/10,14.82
201,1,Nielah-Eyden,unknown,Chrome,33,Commuting,8/10,18.25
202,1,Hoang-Eyden,Dec,Chrome,37,Commuting,6/10,20.27
203,0,Lunna-Keetra,Nov,unknown,36,Commuting,6/10,12.46
204,1,Nielah-Eyden,Apr,Firefox,29,Commuting,5/10,20.18
205,1,Nielah-Eyden,unknown,Chrome,47,Leisure,6/10,20.14
206,1,Nielah-Eyden,Apr,Chrome,32,Commuting,5/10,19.74
207,0,Lunna-Keetra,unknown,Safari,31,Leisure,4/10,11.95
208,0,Nielah-Keetra,unknown,unknown,38,Commuting,7/10,15.71
209,0,Lunna-Keetra,Nov,Firefox,37,Commuting,5/10,12.53
210,0,Nielah-Eyden,unknown,Chrome,39,Commuting,4/10,18.8
211,0,Nielah-Eyden,Jul,Chrome,16,Commuting,5/10,18.53
212,1,Lunna-Eyden,unknown,IE,50,Leisure,5/10,15.03
213,0,Hoang-Keetra,unknown,Opera,32,Leisure,3/10,17.02
214,0,Nielah-Keetra,Sep,Chrome,36,Commuting,6/10,16.38
215,0,Lunna-Keetra,unknown,Chrome,48,Commuting,5/10,12.17
216,1,Lunna-Eyden,unknown,Chrome,25,Leisure,10/10,14.98
217,1,Nielah-Keetra,unknown,Chrome,50,Leisure,5/10,16.35
218,0,Nielah-Eyden,unknown,Firefox,41,Commuting,6/10,18.83
219,1,Hoang-Eyden,unknown,Firefox,22,Commuting,5/10,20.19
220,1,Lunna-Keetra,unknown,Chrome,41,Commuting,4/10,12.56
221,0,Lunna-Eyden,Oct,IE,19,Leisure,5/10,15.19
222,1,Lunna-Eyden,Mar,Firefox,49,Leisure,6/10,15.35
223,1,Lunna-Eyden,unknown,Chrome,47,Commuting,7/10,14.97
224,1,Lunna-Eyden,unknown,Safari,33,Commuting,6/10,15.04
225,0,Lunna-Eyden,Jan,Chrome,41,Commuting,6/10,15.01
226,0,Lunna-Keetra,Dec,Chrome,20,Leisure,7/10,12.23
227,1,Nielah-Keetra,Apr,Firefox,40,Commuting,7/10,15.55
228,1,Hoang-Keetra,Jun,Firefox,45,Leisure,5/10,17.6
229,0,Lunna-Keetra,Oct,Chrome,38,Commuting,7/10,12.34
230,1,Nielah-Eyden,unknown,Firefox,31,Commuting,5/10,18.22
231,0,Lunna-Keetra,Nov,Chrome,30,Leisure,4/10,12.8
232,0,Lunna-Keetra,Jan,Chrome,46,Commuting,4/10,12.32
233,0,Nielah-Eyden,unknown,Firefox,50,Leisure,4/10,18.3
234,0,Lunna-Eyden,unknown,IE,35,Commuting,6/10,15.32
235,1,Lunna-Keetra,Aug,Safari,35,Commuting,6/10,12.31
236,1,Hoang-Eyden,Dec,Chrome,24,Commuting,6/10,20.61
237,0,Lunna-Eyden,Jan,unknown,40,Commuting,5/10,15.46
238,1,Nielah-Eyden,Dec,Chrome,27,Commuting,3/10,18.84
239,0,Nielah-Keetra,unknown,Firefox,45,Commuting,6/10,15.79
240,1,Nielah-Eyden,Jan,Safari,43,Commuting,4/10,18.91
241,1,Lunna-Eyden,Mar,Chrome,18,Leisure,4/10,15.58
242,1,Nielah-Eyden,Sep,Chrome,40,Commuting,4/10,19.37
243,0,Nielah-Eyden,Jun,Chrome,27,Commuting,6/10,18.64
244,0,Lunna-Eyden,unknown,Chrome,29,Commuting,2/10,14.76
245,0,Nielah-Eyden,Aug,Safari,31,Commuting,6/10,18.8
246,1,Lunna-Eyden,unknown,IE,41,Commuting,5/10,14.78
247,1,Lunna-Eyden,unknown,IE,39,Leisure,5/10,15.9
248,0,Lunna-Keetra,unknown,IE,20,Commuting,2/10,12.44
249,0,Lunna-Eyden,unknown,Chrome,42,Commuting,6/10,16.25
250,0,Lunna-Keetra,Jun,Chrome,24,Commuting,2/10,11.97
251,0,Nielah-Eyden,Sep,Chrome,46,Commuting,5/10,18.58
252,1,Nielah-Eyden,Jun,Chrome,35,Commuting,7/10,18.62
253,1,Lunna-Keetra,Aug,Chrome,20,Leisure,6/10,12.55
254,1,Nielah-Keetra,unknown,unknown,35,Commuting,8/10,15.63
255,0,Nielah-Keetra,Dec,Chrome,40,Commuting,5/10,16.11
256,1,Lunna-Eyden,May,IE,26,Commuting,6/10,14.71
257,1,Hoang-Keetra,unknown,IE,37,Commuting,5/10,17.6
258,0,Lunna-Eyden,May,Chrome,28,Commuting,5/10,15.37
259,0,Nielah-Eyden,Dec,unknown,43,Commuting,4/10,18.46
260,1,Hoang-Eyden,unknown,Chrome,46,Leisure,6/10,20.22
261,0,Nielah-Eyden,Dec,Chrome,49,Commuting,2/10,19.34
262,1,Nielah-Eyden,Jun,Firefox,25,Commuting,7/10,19.71
263,0,Hoang-Keetra,unknown,IE,19,Commuting,2/10,17.42
264,1,Nielah-Eyden,Oct,IE,33,Commuting,7/10,18.41
265,1,Hoang-Eyden,unknown,Chrome,41,Leisure,3/10,21.1
266,1,Nielah-Keetra,unknown,Chrome,30,Commuting,6/10,16.19
267,1,Hoang-Keetra,Jun,Safari,32,Leisure,5/10,17.54
268,1,Lunna-Eyden,unknown,Chrome,50,Commuting,6/10,15.21
269,0,Lunna-Keetra,Apr,Safari,38,Commuting,5/10,12.26
270,1,Hoang-Eyden,Apr,Chrome,32,Commuting,6/10,21.04
271,1,Nielah-Eyden,unknown,unknown,28,Commuting,5/10,18.51
272,1,Nielah-Eyden,Jul,Chrome,26,Commuting,6/10,20.03
273,1,Nielah-Eyden,Apr,Firefox,45,Commuting,7/10,18.89
274,1,Nielah-Eyden,Aug,IE,47,Commuting,6/10,18.49
275,1,Nielah-Eyden,Feb,unknown,37,Commuting,4/10,19.08
276,1,Nielah-Eyden,unknown,IE,25,Commuting,5/10,18.67
277,1,Lunna-Eyden,Oct,Firefox,33,Commuting,4/10,16.0
278,1,Hoang-Keetra,unknown,Chrome,49,Leisure,5/10,17.43
279,0,Lunna-Keetra,unknown,Safari,47,Leisure,5/10,12.56
280,1,Hoang-Keetra,unknown,IE,31,Leisure,4/10,17.2
281,1,Nielah-Eyden,unknown,Chrome,45,Commuting,5/10,18.52
282,1,Nielah-Eyden,Feb,Firefox,44,Commuting,7/10,18.63
283,1,Hoang-Eyden,unknown,Opera,40,Commuting,7/10,21.25
284,1,Lunna-Eyden,Dec,IE,24,Commuting,5/10,15.63
285,0,Nielah-Eyden,Mar,Firefox,32,Commuting,4/10,18.5
286,1,Hoang-Keetra,Aug,Chrome,44,Leisure,3/10,18.36
287,0,Lunna-Keetra,unknown,Chrome,19,Leisure,4/10,12.21
288,1,Nielah-Eyden,unknown,Safari,36,Commuting,6/10,18.89
289,0,Lunna-Keetra,unknown,IE,42,Commuting,3/10,12.89
290,1,Hoang-Keetra,Oct,IE,45,Leisure,6/10,17.21
291,1,Nielah-Eyden,Jun,unknown,49,Commuting,8/10,18.96
292,1,Nielah-Eyden,Oct,Android,37,Commuting,6/10,18.2
293,0,Nielah-Eyden,unknown,Chrome,32,Commuting,3/10,18.83
294,1,Nielah-Eyden,unknown,Chrome,34,Leisure,5/10,18.87
295,0,Nielah-Eyden,Jun,Chrome,18,Commuting,5/10,18.7
296,0,Nielah-Eyden,Nov,Chrome,32,Commuting,4/10,18.62
297,1,Nielah-Eyden,unknown,Chrome,49,Commuting,7/10,18.97
298,1,Nielah-Eyden,Aug,Chrome,18,Commuting,4/10,19.52
299,0,Lunna-Eyden,unknown,unknown,25,Leisure,5/10,14.85
300,0,Hoang-Keetra,Oct,Chrome,34,Leisure,5/10,18.75
301,0,Lunna-Keetra,Nov,Chrome,32,Commuting,7/10,12.65
302,0,Nielah-Eyden,Mar,Chrome,42,Commuting,2/10,19.26
303,1,Nielah-Eyden,Nov,Chrome,42,Commuting,5/10,19.67
304,0,Nielah-Eyden,Jan,Chrome,45,Commuting,5/10,18.89
305,0,Nielah-Eyden,unknown,Firefox,19,Commuting,4/10,18.92
306,1,Hoang-Eyden,Nov,Chrome,39,Commuting,5/10,20.15
307,1,Nielah-Eyden,unknown,Firefox,24,Commuting,5/10,18.08
308,1,Nielah-Eyden,unknown,Chrome,26,Commuting,7/10,19.05
309,0,Nielah-Eyden,unknown,Chrome,42,Commuting,3/10,18.54
310,1,Lunna-Keetra,unknown,unknown,32,Leisure,4/10,12.27
311,0,Lunna-Eyden,May,Chrome,36,Commuting,4/10,14.79
312,0,Lunna-Keetra,Mar,Chrome,23,Leisure,5/10,11.87
313,1,Nielah-Eyden,unknown,IE,42,Commuting,8/10,18.34
314,0,Nielah-Eyden,unknown,Chrome,50,Commuting,5/10,18.27
315,1,Nielah-Eyden,Aug,Firefox,37,Commuting,7/10,18.63
316,0,Nielah-Eyden,Sep,IE,23,Commuting,3/10,18.39
317,0,Lunna-Keetra,Sep,unknown,46,Leisure,4/10,11.95
318,1,Nielah-Eyden,May,Safari,30,Commuting,7/10,18.59
319,0,Nielah-Eyden,unknown,Firefox,36,Commuting,3/10,18.46
320,1,Lunna-Eyden,Jun,Firefox,18,Commuting,6/10,15.84
321,0,Nielah-Eyden,unknown,Safari,23,Commuting,4/10,18.15
322,1,Lunna-Eyden,Jan,Firefox,38,Commuting,5/10,15.02
323,0,Lunna-Eyden,Oct,Firefox,49,Commuting,5/10,17.18
324,0,Lunna-Eyden,unknown,Chrome,32,Commuting,4/10,15.26
325,1,Nielah-Eyden,Dec,Safari,40,Commuting,5/10,18.79
326,0,Lunna-Eyden,unknown,Chrome,17,Leisure,3/10,14.74
327,0,Hoang-Keetra,Dec,IE,50,Leisure,3/10,17.51
328,0,Lunna-Eyden,unknown,Chrome,32,Commuting,4/10,15.8
329,1,Nielah-Eyden,Sep,unknown,46,Commuting,6/10,19.12
330,0,Nielah-Eyden,Oct,IE,19,Leisure,7/10,18.21
331,0,Lunna-Eyden,Oct,Firefox,42,Commuting,3/10,14.8
332,0,Lunna-Keetra,unknown,IE,31,Leisure,4/10,12.59
333,0,Nielah-Eyden,Nov,Chrome,20,Commuting,5/10,18.82
334,0,Hoang-Keetra,Mar,IE,22,Leisure,3/10,17.54
335,1,Nielah-Eyden,unknown,Chrome,24,Commuting,2/10,18.38
336,0,Nielah-Eyden,Feb,Chrome,44,Commuting,4/10,18.49
337,0,Hoang-Keetra,Feb,Chrome,41,Leisure,6/10,17.29
338,0,Nielah-Eyden,unknown,Firefox,18,Commuting,5/10,18.44
339,1,Hoang-Keetra,unknown,Chrome,35,Commuting,8/10,17.96
340,1,Nielah-Eyden,May,Firefox,19,Commuting,6/10,18.54
341,0,Lunna-Keetra,unknown,Chrome,32,Leisure,5/10,12.07
342,0,Nielah-Eyden,Aug,Chrome,26,Commuting,4/10,18.24
343,0,Lunna-Eyden,unknown,Chrome,29,Leisure,3/10,15.22
344,1,Lunna-Keetra,Apr,Chrome,19,Commuting,7/10,12.92
345,1,Lunna-Eyden,Nov,Chrome,37,Leisure,4/10,15.49
346,1,Nielah-Eyden,Feb,unknown,47,Leisure,4/10,18.9
347,0,Lunna-Eyden,Jan,IE,32,Commuting,6/10,15.26
348,1,Hoang-Eyden,Dec,Chrome,39,Leisure,8/10,20.13
349,0,Nielah-Keetra,Jun,Chrome,45,Leisure,5/10,16.01
350,0,Nielah-Eyden,Jul,IE,40,Commuting,5/10,18.67
351,1,Nielah-Eyden,Apr,Chrome,20,Commuting,4/10,18.47
352,0,Lunna-Keetra,unknown,Chrome,33,Commuting,4/10,12.41
353,1,Nielah-Eyden,unknown,unknown,40,Commuting,6/10,19.44
354,1,Nielah-Eyden,Jul,unknown,43,Commuting,5/10,18.95
355,0,Lunna-Eyden,Jun,Chrome,32,Commuting,3/10,15.57
356,0,Nielah-Eyden,unknown,Chrome,34,Commuting,5/10,18.68
357,1,Hoang-Keetra,Apr,Chrome,28,Commuting,3/10,17.24
358,1,Lunna-Eyden,unknown,Safari,24,Commuting,4/10,15.61
359,0,Lunna-Keetra,May,IE,20,Commuting,4/10,12.08
360,1,Hoang-Eyden,unknown,Android,39,Commuting,6/10,20.5
361,0,Lunna-Eyden,unknown,Chrome,48,Commuting,3/10,15.28
362,1,Hoang-Eyden,Jun,Firefox,33,Leisure,6/10,21.24
363,0,Hoang-Eyden,unknown,Chrome,16,Commuting,5/10,20.46
364,0,Hoang-Keetra,unknown,unknown,39,Leisure,6/10,17.68
365,1,Nielah-Eyden,Oct,Firefox,16,Commuting,5/10,19.57
366,0,Nielah-Eyden,unknown,Safari,41,Commuting,7/10,18.68
367,1,Nielah-Eyden,Dec,Chrome,29,Commuting,4/10,18.24
368,1,Nielah-Eyden,Dec,Firefox,24,Commuting,5/10,18.54
369,0,Lunna-Eyden,Jun,Firefox,20,Leisure,4/10,15.13
370,1,Lunna-Eyden,Jan,unknown,17,Commuting,4/10,15.26
371,0,Hoang-Keetra,unknown,Chrome,30,Leisure,6/10,17.22
372,0,Nielah-Eyden,May,Chrome,49,Commuting,3/10,19.03
373,0,Nielah-Eyden,unknown,Chrome,21,Leisure,6/10,19.3
374,0,Nielah-Eyden,unknown,Chrome,31,Commuting,3/10,18.44
375,0,Lunna-Eyden,unknown,unknown,39,Commuting,5/10,15.48
376,0,Lunna-Eyden,unknown,IE,32,Commuting,5/10,15.49
377,1,Nielah-Eyden,unknown,Chrome,23,Commuting,4/10,19.37
378,1,Nielah-Eyden,Sep,Android,22,Commuting,5/10,18.74
379,0,Lunna-Eyden,unknown,Chrome,28,Commuting,2/10,15.71
380,1,Nielah-Eyden,Apr,Chrome,23,Leisure,6/10,18.58
381,0,Lunna-Eyden,Dec,Chrome,22,Commuting,2/10,15.38
382,1,Lunna-Keetra,unknown,Chrome,34,Commuting,6/10,13.13
383,0,Lunna-Eyden,unknown,Chrome,19,Commuting,5/10,14.82
384,0,Lunna-Eyden,Mar,Firefox,49,Commuting,4/10,15.14
385,1,Nielah-Eyden,unknown,Chrome,44,Leisure,5/10,19.08
386,1,Nielah-Eyden,unknown,Chrome,22,Commuting,6/10,18.64
387,1,Nielah-Eyden,unknown,Chrome,21,Leisure,4/10,18.82
388,1,Nielah-Eyden,unknown,Chrome,32,Commuting,5/10,18.41
389,0,Lunna-Keetra,Mar,unknown,18,Commuting,5/10,12.02
390,1,Nielah-Keetra,unknown,Chrome,33,Commuting,4/10,15.57
391,1,Nielah-Eyden,May,IE,32,Leisure,5/10,18.45
392,1,Lunna-Eyden,unknown,Chrome,32,Commuting,5/10,14.88
393,1,Lunna-Eyden,unknown,Chrome,18,Commuting,5/10,15.13
394,1,Nielah-Eyden,May,Chrome,45,Leisure,7/10,18.8
395,1,Nielah-Eyden,Nov,Chrome,41,Commuting,4/10,19.52
396,1,Nielah-Eyden,unknown,Chrome,48,Commuting,7/10,18.31
397,0,Lunna-Eyden,unknown,Safari,50,Commuting,5/10,15.07
398,1,Hoang-Eyden,Mar,Firefox,45,Commuting,3/10,20.6
399,0,Lunna-Eyden,unknown,IE,41,Commuting,4/10,15.11
400,1,Lunna-Keetra,unknown,Safari,39,Commuting,4/10,12.84
401,1,Hoang-Eyden,Sep,Chrome,16,Commuting,4/10,20.42
402,1,Hoang-Keetra,Jan,Safari,32,Leisure,6/10,17.81
403,1,Hoang-Keetra,unknown,Opera,23,Leisure,5/10,17.25
404,1,Hoang-Keetra,Mar,Firefox,34,Leisure,4/10,18.43
405,0,Lunna-Eyden,Apr,Chrome,43,Leisure,3/10,15.07
406,0,Lunna-Eyden,unknown,Chrome,41,Commuting,6/10,15.79
407,0,Hoang-Eyden,Jun,Firefox,16,Leisure,6/10,20.35
408,1,Hoang-Eyden,unknown,Firefox,42,Commuting,3/10,20.4
409,1,Nielah-Eyden,Jun,Android,19,Commuting,4/10,18.91
410,1,Nielah-Eyden,Dec,Safari,38,Commuting,8/10,18.61
411,1,Nielah-Eyden,Aug,Firefox,17,Leisure,7/10,18.44
412,0,Lunna-Keetra,Sep,Chrome,25,Commuting,3/10,12.18
413,1,Lunna-Eyden,unknown,Chrome,32,Commuting,4/10,15.27
414,1,Nielah-Eyden,Jul,Safari,17,Commuting,7/10,18.75
415,1,Nielah-Eyden,Feb,Firefox,36,Commuting,3/10,18.69
416,1,Nielah-Eyden,unknown,unknown,48,Commuting,5/10,18.5
417,0,Hoang-Keetra,unknown,Chrome,26,Leisure,4/10,17.73
418,1,Nielah-Eyden,Dec,Chrome,34,Commuting,5/10,18.46
419,0,Nielah-Keetra,May,IE,16,Commuting,2/10,15.52
420,1,Nielah-Eyden,unknown,Chrome,48,Commuting,6/10,18.34
421,1,Hoang-Eyden,Jan,Chrome,36,Commuting,6/10,20.95
422,0,Hoang-Keetra,unknown,Chrome,18,Leisure,5/10,17.75
423,1,Nielah-Eyden,Mar,IE,39,Commuting,5/10,18.79
424,1,Nielah-Eyden,unknown,Chrome,40,Commuting,4/10,18.04
425,1,Hoang-Keetra,Aug,Firefox,21,Commuting,6/10,17.23
426,0,Lunna-Eyden,unknown,Safari,27,Commuting,3/10,14.74
427,1,Nielah-Eyden,unknown,Firefox,43,Commuting,7/10,19.23
428,0,Lunna-Keetra,Jan,Chrome,16,Commuting,5/10,12.14
429,1,Nielah-Eyden,Jan,IE,35,Commuting,5/10,18.48
430,0,Lunna-Eyden,May,Safari,46,Commuting,4/10,14.73
431,0,Nielah-Eyden,unknown,Firefox,25,Commuting,3/10,18.85
432,1,Nielah-Eyden,Dec,Firefox,36,Commuting,4/10,19.22
433,0,Hoang-Keetra,unknown,Chrome,22,Commuting,5/10,18.2
434,0,Nielah-Eyden,Oct,Chrome,30,Commuting,4/10,18.95
435,1,Nielah-Eyden,Jul,Chrome,16,Commuting,5/10,18.84
436,1,Nielah-Eyden,Jun,Safari,27,Commuting,3/10,19.22
437,0,Lunna-Eyden,unknown,unknown,25,Commuting,4/10,14.84
438,1,Nielah-Eyden,unknown,Chrome,47,Commuting,6/10,19.61
439,1,Lunna-Eyden,unknown,IE,46,Commuting,4/10,15.18
440,1,Nielah-Eyden,Aug,Safari,44,Leisure,7/10,19.19
441,0,Lunna-Eyden,unknown,Safari,23,Commuting,4/10,15.32
442,0,Lunna-Eyden,unknown,Chrome,27,Commuting,4/10,15.01
443,0,Nielah-Eyden,unknown,Chrome,39,Commuting,4/10,18.44
444,1,Nielah-Eyden,unknown,Chrome,38,Commuting,6/10,19.12
445,1,Nielah-Eyden,unknown,Chrome,48,Commuting,5/10,18.37
446,1,Hoang-Keetra,Jan,Chrome,48,Leisure,5/10,17.48
447,0,Nielah-Eyden,Dec,Chrome,34,Commuting,3/10,19.36
448,0,Nielah-Keetra,unknown,IE,23,Commuting,1/10,15.77
449,0,Nielah-Eyden,Dec,Chrome,30,Commuting,4/10,18.62
450,0,Lunna-Eyden,unknown,Chrome,50,Commuting,4/10,15.73
451,0,Nielah-Eyden,Mar,Safari,24,Commuting,6/10,18.26
452,1,Nielah-Eyden,unknown,Firefox,26,Commuting,5/10,18.4
453,0,Lunna-Eyden,unknown,Chrome,32,Commuting,3/10,14.72
454,0,Hoang-Keetra,unknown,Safari,42,Leisure,3/10,17.74
455,0,Lunna-Keetra,unknown,Firefox,24,Commuting,1/10,12.64
456,0,Nielah-Eyden,unknown,Android,35,Commuting,1/10,18.28
457,1,Nielah-Eyden,unknown,Chrome,16,Commuting,3/10,19.95
458,0,Lunna-Keetra,May,IE,30,Commuting,3/10,11.69
459,0,Hoang-Keetra,Aug,Firefox,20,Commuting,3/10,17.51
460,0,Nielah-Keetra,unknown,unknown,41,Commuting,3/10,15.54
461,1,Nielah-Eyden,Oct,IE,42,Commuting,7/10,18.55
462,1,Hoang-Eyden,unknown,Firefox,45,Commuting,6/10,21.08
463,1,Nielah-Keetra,unknown,Chrome,23,Leisure,5/10,15.98
464,0,Lunna-Eyden,unknown,IE,32,Leisure,6/10,15.04
465,0,Nielah-Eyden,unknown,Safari,20,Commuting,6/10,18.31
466,1,Nielah-Eyden,unknown,IE,43,Commuting,7/10,18.57
467,0,Hoang-Keetra,Apr,Chrome,27,Leisure,4/10,17.67
468,1,Nielah-Eyden,unknown,Chrome,29,Commuting,4/10,18.69
469,1,Nielah-Eyden,Mar,IE,34,Commuting,7/10,18.4
470,1,Lunna-Eyden,unknown,Chrome,18,Leisure,4/10,16.24
471,1,Nielah-Eyden,unknown,Chrome,31,Commuting,6/10,18.53
472,1,Hoang-Eyden,Oct,Chrome,43,Commuting,9/10,20.26
473,1,Nielah-Eyden,Feb,Firefox,36,Commuting,7/10,18.79
474,0,Nielah-Eyden,unknown,Chrome,50,Commuting,4/10,18.26
475,1,Lunna-Eyden,Aug,Chrome,25,Leisure,6/10,14.92
476,0,Lunna-Keetra,Jan,IE,28,Leisure,3/10,11.93
477,0,Lunna-Keetra,Sep,Chrome,36,Leisure,4/10,12.46
478,1,Nielah-Eyden,unknown,Firefox,46,Commuting,7/10,18.3
479,1,Nielah-Eyden,Sep,IE,31,Commuting,6/10,18.56
480,1,Lunna-Keetra,unknown,Firefox,33,Commuting,4/10,12.14
481,0,Lunna-Eyden,unknown,Chrome,16,Commuting,4/10,15.15
482,1,Nielah-Keetra,unknown,unknown,46,Commuting,5/10,16.18
483,1,Nielah-Eyden,Aug,Firefox,32,Commuting,7/10,20.28
484,1,Nielah-Eyden,unknown,Chrome,22,Commuting,4/10,18.27
485,1,Nielah-Eyden,unknown,unknown,19,Commuting,7/10,18.75
486,1,Hoang-Keetra,unknown,IE,20,Leisure,8/10,17.16
487,0,Lunna-Eyden,unknown,Chrome,18,Leisure,6/10,15.4
488,1,Lunna-Eyden,Nov,Chrome,24,Commuting,6/10,16.11
489,0,Hoang-Keetra,Oct,IE,44,Leisure,8/10,17.57
490,1,Nielah-Eyden,Jan,unknown,47,Commuting,6/10,18.63
491,1,Lunna-Eyden,Nov,Android,22,Commuting,6/10,15.55
492,1,Hoang-Keetra,unknown,IE,21,Commuting,7/10,17.4
493,1,Lunna-Eyden,unknown,Firefox,46,Commuting,5/10,15.72
494,1,Nielah-Eyden,unknown,Safari,45,Commuting,6/10,19.09
495,1,Nielah-Eyden,unknown,Firefox,45,Commuting,5/10,18.9
496,0,Lunna-Keetra,Sep,IE,36,Leisure,3/10,11.84
497,0,Lunna-Keetra,Nov,Firefox,33,Commuting,5/10,12.22
498,1,Lunna-Eyden,May,Chrome,43,Leisure,5/10,15.1
499,1,Nielah-Keetra,Mar,Chrome,47,Commuting,6/10,15.57
500,1,Hoang-Eyden,unknown,Chrome,44,Commuting,5/10,21.81
501,1,Nielah-Eyden,Sep,Chrome,42,Commuting,5/10,18.4
502,0,Hoang-Keetra,unknown,unknown,32,Commuting,4/10,17.09
503,1,Lunna-Keetra,unknown,Chrome,44,Commuting,5/10,12.12
504,1,Hoang-Keetra,Feb,Opera,32,Leisure,7/10,17.25
505,0,Lunna-Keetra,unknown,Chrome,23,Commuting,4/10,12.74
506,1,Nielah-Eyden,Jun,unknown,31,Leisure,6/10,18.62
507,0,Nielah-Keetra,Apr,Chrome,48,Commuting,6/10,15.5
508,1,Hoang-Eyden,unknown,Firefox,39,Leisure,3/10,20.45
509,0,Nielah-Eyden,unknown,unknown,18,Commuting,2/10,18.2
510,1,Nielah-Eyden,unknown,IE,34,Commuting,5/10,18.33
511,0,Nielah-Eyden,unknown,unknown,39,Leisure,3/10,18.77
512,1,Nielah-Eyden,unknown,Chrome,28,Commuting,5/10,18.94
513,0,Lunna-Eyden,unknown,Chrome,41,Commuting,4/10,14.96
514,0,Hoang-Keetra,unknown,IE,32,Leisure,4/10,17.03
515,1,Nielah-Eyden,unknown,IE,41,Commuting,6/10,19.49
516,0,Lunna-Eyden,Jul,Chrome,30,Commuting,5/10,15.27
517,0,Nielah-Keetra,unknown,Safari,38,Commuting,5/10,16.04
518,1,Nielah-Eyden,unknown,IE,18,Commuting,4/10,18.49
519,1,Lunna-Eyden,May,Chrome,44,Commuting,3/10,15.78
520,1,Nielah-Eyden,Dec,unknown,45,Commuting,6/10,18.7
521,1,Nielah-Eyden,unknown,Firefox,23,Commuting,5/10,19.12
522,1,Nielah-Eyden,unknown,Chrome,32,Commuting,6/10,19.34
523,0,Lunna-Keetra,unknown,Chrome,32,Commuting,3/10,12.87
524,0,Lunna-Keetra,Sep,Safari,36,Leisure,2/10,11.94
525,1,Nielah-Keetra,unknown,Chrome,33,Commuting,6/10,15.85
526,1,Lunna-Eyden,unknown,Chrome,22,Commuting,7/10,15.03
527,1,Nielah-Eyden,unknown,Chrome,44,Commuting,3/10,19.26
528,1,Nielah-Eyden,unknown,Safari,34,Commuting,3/10,18.75
529,1,Nielah-Eyden,unknown,Chrome,33,Commuting,6/10,18.27
530,0,Lunna-Eyden,unknown,Safari,28,Leisure,5/10,15.22
531,0,Nielah-Eyden,unknown,IE,16,Commuting,4/10,18.95
532,1,Hoang-Eyden,unknown,Chrome,16,Commuting,7/10,22.06
533,1,Hoang-Keetra,unknown,Chrome,30,Commuting,6/10,17.66
534,0,Lunna-Keetra,Mar,Firefox,48,Commuting,3/10,12.7
535,1,Hoang-Eyden,May,Chrome,41,Leisure,5/10,21.35
536,0,Hoang-Keetra,Oct,unknown,32,Commuting,4/10,17.5
537,1,Nielah-Keetra,Dec,IE,18,Commuting,6/10,15.3
538,1,Hoang-Keetra,Jun,Chrome,18,Commuting,7/10,17.65
539,1,Nielah-Eyden,unknown,Chrome,44,Commuting,5/10,19.85
540,0,Lunna-Eyden,unknown,Chrome,49,Commuting,4/10,15.27
541,1,Hoang-Eyden,unknown,IE,23,Leisure,6/10,20.06
542,0,Lunna-Keetra,unknown,IE,35,Leisure,4/10,12.21
543,1,Nielah-Eyden,May,Chrome,38,Commuting,5/10,18.55
544,0,Lunna-Eyden,May,Firefox,27,Commuting,8/10,14.76
545,1,Nielah-Eyden,unknown,Chrome,32,Leisure,6/10,18.92
546,0,Lunna-Eyden,unknown,IE,50,Leisure,6/10,15.95
547,0,Nielah-Eyden,unknown,Chrome,28,Commuting,4/10,18.57
548,1,Lunna-Keetra,unknown,IE,32,Commuting,5/10,12.33
549,0,Nielah-Eyden,Jan,Chrome,29,Commuting,6/10,19.0
550,0,Lunna-Eyden,Aug,Firefox,28,Commuting,4/10,15.25
551,1,Nielah-Eyden,Aug,Firefox,17,Commuting,3/10,19.17
552,1,Nielah-Eyden,Jul,Chrome,40,Commuting,4/10,18.92
553,1,Nielah-Eyden,unknown,unknown,18,Commuting,7/10,18.53
554,1,Lunna-Keetra,unknown,Chrome,23,Leisure,5/10,12.26
555,1,Nielah-Eyden,May,IE,26,Commuting,5/10,18.88
556,0,Hoang-Keetra,unknown,IE,31,Leisure,5/10,17.1
557,0,Lunna-Keetra,Nov,unknown,28,Commuting,7/10,11.95
558,1,Hoang-Keetra,Jul,IE,18,Leisure,6/10,17.66
559,1,Lunna-Eyden,Feb,Chrome,37,Commuting,5/10,15.04
560,1,Nielah-Keetra,Nov,Safari,32,Commuting,4/10,15.67
561,0,Nielah-Eyden,unknown,Safari,18,Commuting,4/10,18.53
562,0,Nielah-Eyden,unknown,Chrome,24,Commuting,2/10,18.3
563,0,Nielah-Keetra,Dec,Chrome,24,Leisure,4/10,16.0
564,1,Nielah-Eyden,Dec,Safari,21,Commuting,4/10,18.48
565,0,Nielah-Eyden,unknown,unknown,46,Commuting,7/10,18.94
566,1,Nielah-Eyden,Nov,IE,45,Commuting,3/10,18.87
567,0,Nielah-Eyden,unknown,Chrome,26,Commuting,6/10,18.5
568,1,Nielah-Eyden,Aug,Chrome,17,Commuting,7/10,18.83
569,1,Nielah-Keetra,unknown,Firefox,24,Commuting,6/10,15.86
570,1,Nielah-Eyden,May,IE,44,Commuting,5/10,19.1
571,1,Nielah-Keetra,Jun,Chrome,19,Commuting,3/10,16.2
572,1,Nielah-Eyden,Jul,Chrome,44,Commuting,5/10,18.71
573,0,Lunna-Eyden,unknown,IE,28,Leisure,5/10,15.49
574,1,Nielah-Eyden,Feb,Firefox,38,Commuting,3/10,18.75
575,1,Nielah-Eyden,Jun,Chrome,35,Commuting,5/10,19.37
576,0,Lunna-Keetra,unknown,Chrome,32,Commuting,4/10,12.1
577,0,Nielah-Eyden,unknown,Firefox,21,Commuting,6/10,18.32
578,1,Lunna-Eyden,Aug,Opera,36,Leisure,5/10,15.3
579,0,Lunna-Eyden,unknown,unknown,41,Commuting,4/10,15.47
580,1,Nielah-Eyden,unknown,Firefox,44,Leisure,6/10,18.49
581,1,Hoang-Eyden,unknown,Chrome,24,Commuting,4/10,20.71
582,1,Lunna-Eyden,unknown,IE,16,Commuting,8/10,15.89
583,1,Lunna-Eyden,unknown,Safari,32,Leisure,6/10,16.01
584,0,Lunna-Eyden,unknown,Chrome,32,Commuting,6/10,15.74
585,0,Nielah-Eyden,Sep,IE,50,Commuting,4/10,19.37
586,0,Nielah-Eyden,Apr,unknown,17,Commuting,3/10,18.66
587,1,Nielah-Eyden,unknown,unknown,24,Commuting,4/10,18.64
588,1,Lunna-Eyden,Jan,Firefox,32,Commuting,5/10,15.12
589,1,Hoang-Eyden,Jan,Chrome,32,Commuting,6/10,21.1
590,0,Lunna-Eyden,Sep,Firefox,28,Commuting,4/10,15.31
591,1,Lunna-Eyden,unknown,Firefox,47,Commuting,5/10,15.32
592,1,Nielah-Eyden,unknown,IE,32,Commuting,5/10,19.03
593,1,Nielah-Eyden,Dec,Chrome,27,Leisure,5/10,18.55
594,1,Hoang-Keetra,unknown,IE,48,Leisure,5/10,18.0
595,1,Nielah-Eyden,Jun,Chrome,19,Commuting,5/10,20.77
596,1,Nielah-Keetra,Jan,IE,21,Commuting,5/10,15.15
597,1,Nielah-Eyden,unknown,Firefox,49,Commuting,8/10,18.63
598,0,Lunna-Eyden,unknown,Android,18,Commuting,5/10,15.93
599,1,Nielah-Eyden,unknown,Chrome,25,Commuting,7/10,18.84
600,0,Nielah-Eyden,Jun,Firefox,24,Leisure,7/10,19.22
601,1,Nielah-Keetra,Aug,Chrome,32,Commuting,5/10,15.33
602,1,Lunna-Eyden,unknown,Firefox,29,Commuting,6/10,14.98
603,1,Lunna-Eyden,unknown,Chrome,37,Commuting,5/10,15.45
604,1,Lunna-Eyden,Mar,Chrome,29,Commuting,5/10,15.04
605,0,Lunna-Keetra,unknown,Chrome,44,Commuting,4/10,12.29
606,1,Hoang-Eyden,unknown,IE,16,Leisure,7/10,20.98
607,1,Nielah-Eyden,unknown,Chrome,48,Commuting,2/10,20.89
608,0,Lunna-Eyden,May,Firefox,29,Commuting,4/10,16.02
609,1,Nielah-Eyden,Apr,Firefox,46,Commuting,5/10,19.36
610,1,Nielah-Keetra,Jul,IE,43,Commuting,7/10,15.14
611,1,Hoang-Keetra,unknown,unknown,29,Commuting,6/10,17.36
612,1,Nielah-Eyden,unknown,Chrome,41,Commuting,5/10,18.41
613,1,Nielah-Eyden,Sep,Chrome,45,Commuting,3/10,19.61
614,1,Lunna-Eyden,Jul,Chrome,40,Commuting,3/10,14.83
615,1,Lunna-Eyden,May,Safari,39,Commuting,5/10,15.23
616,1,Hoang-Keetra,unknown,unknown,19,Leisure,4/10,17.58
617,1,Lunna-Eyden,unknown,Chrome,32,Commuting,7/10,14.98
618,1,Nielah-Eyden,Jan,Chrome,17,Leisure,7/10,20.5
619,0,Lunna-Eyden,unknown,Chrome,32,Commuting,1/10,15.21
620,1,Nielah-Eyden,Oct,Firefox,30,Commuting,5/10,18.72
621,0,Hoang-Keetra,unknown,unknown,19,Commuting,2/10,17.26
622,0,Lunna-Eyden,unknown,unknown,50,Leisure,2/10,15.52
623,1,Nielah-Eyden,unknown,Firefox,43,Commuting,4/10,18.7
624,1,Hoang-Eyden,unknown,IE,35,Leisure,5/10,20.01
625,0,Lunna-Eyden,Jun,unknown,50,Commuting,3/10,15.12
626,0,Lunna-Keetra,Feb,IE,28,Commuting,6/10,12.33
627,1,Lunna-Eyden,unknown,Chrome,32,Commuting,7/10,14.77
628,1,Lunna-Eyden,Jun,Chrome,34,Commuting,9/10,15.16
629,0,Lunna-Keetra,May,Chrome,37,Leisure,5/10,12.26
630,1,Hoang-Keetra,unknown,IE,30,Leisure,7/10,17.44
631,0,Lunna-Keetra,unknown,Safari,21,Leisure,6/10,12.07
632,1,Nielah-Eyden,Dec,Chrome,45,Commuting,6/10,18.68
633,1,Hoang-Keetra,Jun,Firefox,32,Commuting,8/10,17.71
634,1,Hoang-Eyden,Mar,unknown,29,Commuting,5/10,20.07
635,0,Nielah-Eyden,unknown,Safari,40,Commuting,4/10,18.7
636,1,Hoang-Keetra,unknown,Chrome,43,Leisure,3/10,17.15
637,0,Lunna-Eyden,unknown,unknown,32,Commuting,2/10,15.0
638,0,Lunna-Eyden,Jan,unknown,45,Commuting,3/10,15.12
639,1,Nielah-Eyden,Mar,IE,39,Leisure,6/10,19.05
640,1,Hoang-Keetra,Jan,Chrome,28,Leisure,6/10,17.58
641,0,Lunna-Keetra,Jun,Safari,31,Leisure,4/10,12.65
642,0,Lunna-Keetra,Mar,Chrome,38,Commuting,3/10,12.87
643,1,Hoang-Eyden,Sep,Safari,47,Leisure,4/10,20.3
644,1,Lunna-Eyden,unknown,Safari,23,Commuting,6/10,15.1
645,0,Hoang-Keetra,unknown,IE,46,Leisure,6/10,18.62
646,1,Nielah-Eyden,Feb,Safari,18,Commuting,6/10,19.78
647,1,Lunna-Eyden,May,Firefox,50,Leisure,6/10,15.32
648,0,Lunna-Eyden,unknown,Safari,40,Leisure,6/10,15.06
649,1,Hoang-Eyden,unknown,IE,49,Commuting,7/10,20.79
650,1,Nielah-Eyden,unknown,Firefox,42,Commuting,4/10,18.19
651,1,Nielah-Eyden,unknown,unknown,48,Commuting,6/10,18.98
652,1,Hoang-Eyden,Nov,Chrome,50,Leisure,7/10,20.43
653,0,Nielah-Eyden,Jan,Chrome,43,Commuting,5/10,18.63
654,0,Nielah-Eyden,Apr,Chrome,22,Commuting,3/10,18.35
655,1,Nielah-Eyden,unknown,Firefox,49,Commuting,7/10,19.64
656,1,Nielah-Eyden,Dec,IE,25,Commuting,7/10,18.6
657,1,Nielah-Eyden,unknown,Chrome,18,Commuting,6/10,18.43
658,0,Lunna-Keetra,unknown,Chrome,44,Leisure,3/10,12.39
659,1,Lunna-Eyden,unknown,Chrome,41,Commuting,5/10,15.83
660,0,Lunna-Eyden,unknown,Chrome,18,Leisure,5/10,15.76
661,0,Nielah-Eyden,Mar,Safari,41,Commuting,4/10,18.36
662,0,Lunna-Eyden,unknown,Chrome,21,Leisure,3/10,15.77
663,1,Nielah-Eyden,Mar,Chrome,29,Commuting,7/10,18.61
664,1,Hoang-Keetra,Mar,Chrome,25,Commuting,4/10,17.17
665,1,Hoang-Eyden,Mar,Firefox,33,Commuting,5/10,20.42
666,1,Nielah-Eyden,Sep,Chrome,44,Commuting,7/10,18.11
667,1,Nielah-Eyden,unknown,Firefox,40,Commuting,6/10,18.58
668,0,Nielah-Eyden,unknown,Chrome,36,Commuting,5/10,18.75
669,1,Nielah-Eyden,Feb,Chrome,37,Commuting,5/10,20.01
670,1,Nielah-Eyden,unknown,Firefox,36,Commuting,4/10,18.74
671,0,Nielah-Eyden,unknown,Firefox,42,Leisure,4/10,18.5
672,0,Lunna-Keetra,Aug,Chrome,25,Leisure,4/10,12.42
673,1,Nielah-Eyden,unknown,Chrome,30,Commuting,8/10,18.22
674,0,Lunna-Eyden,May,Opera,29,Commuting,3/10,15.79
675,1,Nielah-Eyden,Mar,Firefox,20,Commuting,8/10,18.6
676,1,Nielah-Eyden,unknown,Opera,18,Commuting,4/10,18.63
677,1,Nielah-Eyden,unknown,Firefox,23,Commuting,5/10,18.81
678,1,Nielah-Eyden,unknown,Chrome,24,Commuting,6/10,18.19
679,1,Nielah-Eyden,unknown,Opera,41,Commuting,6/10,18.51
680,1,Lunna-Keetra,unknown,Chrome,47,Leisure,4/10,12.39
681,0,Nielah-Eyden,unknown,unknown,36,Commuting,5/10,18.34
682,0,Lunna-Eyden,unknown,Chrome,32,Commuting,2/10,14.86
683,0,Nielah-Eyden,unknown,Chrome,33,Commuting,6/10,18.1
684,1,Nielah-Eyden,unknown,IE,33,Commuting,6/10,18.83
685,1,Nielah-Eyden,Aug,Chrome,22,Commuting,4/10,18.68
686,1,Nielah-Eyden,Jan,Chrome,21,Commuting,4/10,18.82
687,1,Nielah-Eyden,Apr,Chrome,28,Commuting,8/10,18.72
688,1,Nielah-Eyden,unknown,Chrome,21,Commuting,6/10,18.46
689,0,Nielah-Eyden,Jun,Chrome,19,Leisure,4/10,18.83
690,1,Nielah-Eyden,Oct,Chrome,25,Commuting,3/10,18.65
691,0,Nielah-Eyden,Jan,IE,35,Commuting,4/10,18.31
692,1,Nielah-Eyden,unknown,IE,37,Commuting,4/10,19.37
693,1,Hoang-Eyden,unknown,Chrome,40,Commuting,8/10,20.05
694,1,Nielah-Keetra,Jan,Chrome,18,Commuting,5/10,16.28
695,1,Hoang-Keetra,unknown,IE,38,Leisure,5/10,17.7
696,1,Nielah-Eyden,unknown,Chrome,23,Commuting,6/10,18.5
697,1,Nielah-Eyden,Sep,IE,26,Leisure,6/10,18.86
698,0,Nielah-Eyden,unknown,Chrome,43,Leisure,4/10,18.94
699,1,Lunna-Eyden,May,Chrome,48,Commuting,6/10,15.22
700,1,Nielah-Eyden,Jul,Android,44,Leisure,6/10,19.85
701,1,Nielah-Eyden,unknown,Chrome,38,Commuting,6/10,19.13
702,1,Lunna-Keetra,unknown,Chrome,25,Leisure,2/10,11.95
703,0,Lunna-Keetra,Oct,Chrome,43,Leisure,2/10,12.4
704,1,Lunna-Eyden,unknown,Android,28,Commuting,5/10,16.11
705,0,Nielah-Keetra,Mar,Safari,26,Commuting,4/10,16.06
706,1,Nielah-Eyden,Jun,unknown,26,Commuting,5/10,18.88
707,0,Lunna-Eyden,unknown,Firefox,32,Leisure,5/10,15.35
708,1,Nielah-Eyden,unknown,Chrome,23,Commuting,5/10,18.84
709,1,Hoang-Eyden,unknown,Chrome,17,Commuting,6/10,20.72
710,0,Nielah-Eyden,Oct,Chrome,30,Commuting,2/10,18.35
711,1,Nielah-Eyden,unknown,Chrome,38,Commuting,6/10,19.23
712,0,Hoang-Keetra,Aug,Chrome,17,Leisure,5/10,17.08
713,0,Lunna-Eyden,unknown,Chrome,41,Commuting,5/10,15.23
714,1,Hoang-Eyden,Mar,Chrome,37,Commuting,5/10,20.3
715,0,Lunna-Eyden,unknown,unknown,37,Commuting,2/10,16.14
716,0,Lunna-Eyden,unknown,unknown,25,Commuting,3/10,16.29
717,1,Nielah-Eyden,unknown,Firefox,40,Leisure,4/10,19.59
718,0,Nielah-Eyden,unknown,IE,40,Commuting,4/10,18.69
719,0,Lunna-Eyden,unknown,IE,19,Commuting,6/10,16.1
720,1,Hoang-Eyden,Oct,Chrome,45,Commuting,6/10,20.08
721,0,Nielah-Eyden,unknown,Chrome,50,Commuting,5/10,18.39
722,0,Lunna-Keetra,unknown,Chrome,22,Leisure,6/10,12.65
723,0,Hoang-Keetra,unknown,Chrome,42,Leisure,5/10,17.84
724,0,Lunna-Eyden,Jun,Firefox,21,Leisure,3/10,15.85
725,1,Nielah-Eyden,Jun,unknown,23,Commuting,5/10,18.94
726,1,Nielah-Eyden,unknown,Opera,40,Leisure,7/10,18.25
727,1,Hoang-Eyden,unknown,Chrome,30,Leisure,7/10,20.21
728,0,Lunna-Eyden,Apr,Chrome,18,Commuting,5/10,15.08
729,0,Lunna-Keetra,Nov,Chrome,45,Commuting,3/10,12.93
730,1,Nielah-Eyden,Jan,IE,45,Commuting,5/10,19.11
731,1,Hoang-Keetra,May,IE,17,Commuting,5/10,17.46
732,1,Nielah-Eyden,Feb,Chrome,24,Commuting,7/10,18.64
733,1,Lunna-Eyden,Aug,Chrome,20,Commuting,4/10,15.29
734,1,Nielah-Eyden,unknown,IE,19,Commuting,6/10,19.68
735,1,Nielah-Eyden,unknown,Chrome,35,Commuting,5/10,19.23
736,0,Lunna-Eyden,unknown,Firefox,19,Commuting,5/10,16.37
737,0,Lunna-Eyden,unknown,IE,18,Commuting,4/10,15.17
738,1,Nielah-Eyden,unknown,unknown,40,Commuting,5/10,18.6
739,0,Nielah-Eyden,Jun,unknown,49,Leisure,4/10,18.6
740,1,Nielah-Eyden,Jan,Safari,40,Commuting,5/10,18.51
741,0,Lunna-Keetra,Jan,Chrome,47,Commuting,2/10,12.06
742,1,Lunna-Eyden,unknown,IE,47,Commuting,6/10,15.64
743,1,Hoang-Eyden,unknown,Firefox,18,Leisure,4/10,22.59
744,0,Lunna-Eyden,Jan,IE,21,Commuting,4/10,15.02
745,1,Nielah-Eyden,Sep,Firefox,47,Commuting,3/10,18.39
746,1,Nielah-Keetra,Jun,Chrome,46,Commuting,8/10,16.02
747,1,Nielah-Eyden,Oct,Chrome,21,Commuting,6/10,18.46
748,1,Hoang-Keetra,Oct,Firefox,26,Leisure,8/10,17.38
749,0,Lunna-Eyden,Sep,Safari,36,Commuting,1/10,15.01
750,0,Nielah-Eyden,unknown,IE,45,Commuting,5/10,18.35
751,1,Nielah-Eyden,Dec,Chrome,32,Commuting,8/10,19.18
752,1,Hoang-Eyden,unknown,Chrome,25,Leisure,4/10,20.93
753,1,Nielah-Eyden,unknown,Firefox,41,Commuting,7/10,18.58
754,1,Hoang-Eyden,unknown,unknown,50,Leisure,5/10,20.3
755,1,Hoang-Keetra,Feb,Chrome,47,Commuting,5/10,18.18
756,1,Nielah-Eyden,unknown,Firefox,27,Commuting,4/10,18.46
757,1,Hoang-Keetra,unknown,Chrome,40,Leisure,6/10,17.41
758,0,Lunna-Eyden,unknown,Chrome,19,Commuting,1/10,16.61
759,0,Lunna-Eyden,unknown,Firefox,48,Leisure,2/10,14.91
760,1,Nielah-Eyden,unknown,Safari,16,Commuting,5/10,19.19
761,1,Hoang-Eyden,unknown,IE,32,Commuting,5/10,21.17
762,1,Lunna-Eyden,May,IE,32,Commuting,3/10,15.13
763,1,Nielah-Eyden,Dec,unknown,44,Leisure,7/10,18.83
764,0,Nielah-Eyden,unknown,Chrome,30,Commuting,5/10,18.68
765,1,Nielah-Eyden,unknown,Chrome,20,Commuting,5/10,18.5
766,1,Lunna-Eyden,Sep,unknown,41,Commuting,8/10,15.29
767,1,Nielah-Eyden,unknown,Chrome,16,Commuting,6/10,18.52
768,1,Hoang-Eyden,Feb,IE,25,Commuting,5/10,20.08
769,1,Nielah-Keetra,May,Firefox,35,Commuting,7/10,15.54
770,1,Hoang-Eyden,Jan,Firefox,34,Leisure,6/10,20.47
771,1,Hoang-Eyden,Jan,Firefox,26,Leisure,6/10,20.64
772,1,Hoang-Eyden,Dec,unknown,27,Leisure,5/10,20.51
773,0,Lunna-Keetra,Mar,unknown,27,Commuting,3/10,12.86
774,1,Nielah-Keetra,unknown,unknown,40,Leisure,9/10,15.45
775,1,Nielah-Eyden,unknown,unknown,26,Commuting,6/10,19.3
776,1,Lunna-Eyden,Jan,unknown,28,Commuting,5/10,15.75
777,0,Lunna-Keetra,unknown,Chrome,43,Commuting,5/10,12.15
778,1,Hoang-Eyden,Jun,Chrome,40,Commuting,7/10,20.32
779,1,Lunna-Eyden,Dec,Chrome,37,Commuting,5/10,15.07
780,1,Nielah-Eyden,unknown,Firefox,46,Commuting,7/10,19.6
781,1,Nielah-Eyden,unknown,Chrome,45,Commuting,5/10,19.06
782,1,Nielah-Eyden,Feb,Chrome,35,Commuting,5/10,18.51
783,1,Lunna-Eyden,Jun,unknown,48,Commuting,8/10,15.48
784,0,Hoang-Keetra,unknown,IE,39,Leisure,7/10,18.42
785,0,Nielah-Eyden,unknown,Chrome,50,Leisure,5/10,18.57
786,1,Nielah-Eyden,unknown,Chrome,36,Commuting,6/10,18.99
787,0,Nielah-Eyden,unknown,IE,16,Leisure,5/10,18.39
788,1,Hoang-Eyden,Mar,Android,48,Commuting,6/10,21.64
789,1,Hoang-Eyden,unknown,Safari,47,Leisure,6/10,20.59
790,0,Lunna-Eyden,unknown,Chrome,30,Commuting,4/10,15.05
791,0,Nielah-Eyden,unknown,Firefox,39,Commuting,2/10,18.81
792,0,Hoang-Keetra,Nov,Chrome,32,Commuting,7/10,17.73
793,1,Nielah-Eyden,Sep,Firefox,32,Commuting,5/10,18.42
794,1,Nielah-Eyden,Dec,Safari,34,Commuting,6/10,18.43
795,1,Lunna-Keetra,Mar,Chrome,40,Commuting,5/10,12.14
796,0,Lunna-Eyden,Apr,Chrome,41,Commuting,5/10,14.92
797,1,Nielah-Eyden,Sep,Chrome,38,Commuting,5/10,18.5
798,1,Hoang-Keetra,Jun,Chrome,19,Commuting,6/10,17.51
799,1,Nielah-Eyden,Mar,Firefox,45,Commuting,6/10,19.4
800,0,Lunna-Keetra,Sep,Chrome,31,Leisure,3/10,12.26
801,1,Nielah-Eyden,Oct,Chrome,23,Commuting,6/10,20.08
802,1,Nielah-Eyden,Apr,Firefox,31,Commuting,6/10,18.41
803,1,Nielah-Eyden,unknown,IE,46,Commuting,4/10,18.7
804,1,Nielah-Eyden,unknown,IE,29,Commuting,3/10,19.05
805,1,Lunna-Eyden,unknown,Chrome,24,Commuting,5/10,15.37
806,1,Nielah-Eyden,unknown,unknown,26,Commuting,7/10,18.93
807,1,Nielah-Eyden,Jun,Chrome,45,Commuting,4/10,18.08
808,0,Hoang-Keetra,unknown,Chrome,44,Leisure,3/10,17.63
809,1,Nielah-Eyden,Sep,Firefox,40,Commuting,4/10,18.35
810,1,Nielah-Eyden,Dec,Chrome,22,Commuting,5/10,18.46
811,1,Nielah-Eyden,Nov,IE,31,Commuting,7/10,19.48
812,1,Nielah-Eyden,unknown,Firefox,38,Commuting,5/10,19.02
813,0,Hoang-Eyden,Mar,Chrome,17,Leisure,4/10,20.55
814,1,Nielah-Eyden,Jun,unknown,33,Commuting,5/10,18.66
815,1,Nielah-Eyden,Nov,Chrome,18,Commuting,6/10,18.48
816,0,Lunna-Keetra,Dec,Chrome,49,Leisure,5/10,12.1
817,1,Nielah-Eyden,unknown,Chrome,44,Commuting,3/10,19.29
818,1,Nielah-Eyden,Apr,Chrome,19,Commuting,5/10,19.46
819,1,Nielah-Eyden,May,IE,44,Commuting,5/10,18.18
820,0,Nielah-Eyden,unknown,IE,27,Leisure,5/10,18.9
821,0,Lunna-Eyden,Sep,Chrome,20,Commuting,7/10,15.24
822,1,Nielah-Eyden,Sep,IE,37,Commuting,5/10,18.31
823,0,Lunna-Keetra,unknown,Firefox,47,Commuting,3/10,12.32
824,1,Lunna-Eyden,unknown,Chrome,47,Commuting,5/10,15.84
825,1,Nielah-Keetra,Dec,Chrome,18,Commuting,5/10,15.6
826,1,Nielah-Eyden,unknown,Chrome,21,Commuting,7/10,19.25
827,1,Nielah-Eyden,unknown,Chrome,16,Commuting,5/10,18.45
828,1,Nielah-Eyden,unknown,unknown,50,Commuting,5/10,19.14
829,0,Lunna-Eyden,Feb,Firefox,37,Leisure,5/10,15.5
830,1,Nielah-Eyden,Oct,IE,42,Commuting,4/10,18.25
831,0,Lunna-Keetra,Dec,Chrome,16,Leisure,3/10,12.34
832,1,Nielah-Eyden,unknown,Chrome,29,Commuting,7/10,18.77
833,1,Lunna-Eyden,Aug,unknown,42,Commuting,5/10,15.34
834,0,Hoang-Keetra,May,Chrome,21,Commuting,4/10,17.51
835,0,Lunna-Eyden,Dec,Firefox,39,Commuting,7/10,15.68
836,1,Nielah-Eyden,Sep,Chrome,48,Commuting,3/10,19.67
837,1,Nielah-Eyden,May,Chrome,44,Commuting,5/10,18.94
838,1,Hoang-Keetra,unknown,Firefox,32,Commuting,8/10,17.48
839,1,Hoang-Keetra,Oct,Safari,30,Leisure,7/10,17.42
840,1,Hoang-Eyden,Jan,Chrome,32,Commuting,4/10,20.48
841,0,Lunna-Eyden,unknown,Chrome,32,Commuting,4/10,15.0
842,1,Lunna-Eyden,unknown,Firefox,45,Leisure,6/10,15.74
843,1,Nielah-Eyden,unknown,Firefox,44,Commuting,6/10,18.82
844,0,Lunna-Keetra,unknown,Safari,31,Commuting,4/10,12.89
845,1,Nielah-Eyden,Feb,IE,20,Commuting,6/10,18.39
846,0,Nielah-Keetra,unknown,Chrome,23,Leisure,3/10,15.79
847,1,Nielah-Keetra,unknown,Chrome,28,Leisure,7/10,16.5
848,1,Nielah-Eyden,Aug,IE,30,Commuting,3/10,19.07
849,1,Nielah-Eyden,unknown,Chrome,34,Commuting,7/10,19.23
850,0,Nielah-Eyden,unknown,Chrome,34,Commuting,6/10,18.34
851,1,Nielah-Eyden,unknown,unknown,25,Commuting,6/10,20.07
852,0,Nielah-Eyden,Apr,Chrome,27,Commuting,2/10,18.97
853,1,Lunna-Eyden,unknown,Chrome,18,Leisure,6/10,15.6
854,0,Nielah-Eyden,unknown,Chrome,23,Commuting,4/10,18.3
855,0,Nielah-Eyden,unknown,Chrome,35,Commuting,6/10,18.03
856,1,Nielah-Eyden,unknown,Chrome,32,Commuting,6/10,18.15
857,1,Nielah-Eyden,Mar,Safari,34,Leisure,4/10,19.22
858,1,Nielah-Eyden,unknown,Chrome,29,Commuting,7/10,19.26
859,1,Lunna-Keetra,unknown,Opera,19,Leisure,5/10,12.31
860,0,Lunna-Keetra,unknown,Chrome,26,Leisure,6/10,12.0
861,1,Nielah-Eyden,Apr,IE,32,Commuting,6/10,18.64
862,1,Nielah-Eyden,unknown,Chrome,43,Commuting,5/10,18.72
863,0,Lunna-Keetra,Dec,Chrome,49,Commuting,7/10,12.47
864,1,Lunna-Eyden,unknown,Chrome,48,Commuting,5/10,16.7
865,1,Lunna-Eyden,unknown,Firefox,40,Leisure,6/10,15.17
866,1,Hoang-Eyden,unknown,Chrome,35,Leisure,4/10,20.49
867,1,Nielah-Eyden,unknown,IE,40,Commuting,7/10,19.13
868,1,Hoang-Eyden,unknown,Chrome,48,Leisure,6/10,20.14
869,1,Nielah-Eyden,Feb,Firefox,32,Commuting,6/10,18.36
870,0,Lunna-Keetra,Jun,Safari,45,Commuting,5/10,12.28
871,1,Hoang-Keetra,unknown,IE,26,Commuting,4/10,17.4
872,1,Nielah-Eyden,unknown,Firefox,29,Commuting,4/10,19.04
873,1,Nielah-Eyden,Aug,Chrome,17,Commuting,5/10,18.3
874,0,Lunna-Keetra,unknown,Chrome,42,Leisure,3/10,12.22
875,1,Lunna-Eyden,unknown,Safari,37,Commuting,5/10,15.21
876,0,Nielah-Eyden,unknown,IE,18,Commuting,4/10,18.56
877,0,Lunna-Keetra,Jul,Chrome,30,Leisure,5/10,11.92
878,1,Nielah-Eyden,Mar,Chrome,32,Commuting,6/10,18.33
879,0,Lunna-Keetra,unknown,Chrome,45,Commuting,4/10,11.85
880,0,Lunna-Eyden,unknown,IE,37,Commuting,4/10,15.25
881,0,Nielah-Eyden,unknown,Chrome,32,Commuting,7/10,18.52
882,0,Nielah-Keetra,Mar,Chrome,19,Commuting,5/10,15.79
883,1,Nielah-Eyden,Apr,Firefox,32,Commuting,4/10,18.37
884,0,Nielah-Eyden,Aug,IE,46,Commuting,2/10,18.6
885,1,Lunna-Eyden,Sep,Chrome,32,Leisure,4/10,15.1
886,0,Lunna-Eyden,unknown,Chrome,19,Leisure,4/10,14.85
887,1,Hoang-Eyden,Jan,Chrome,32,Leisure,3/10,20.31
888,1,Nielah-Eyden,unknown,Chrome,48,Commuting,5/10,22.01
889,1,Nielah-Eyden,Jul,Chrome,32,Leisure,6/10,18.65
890,1,Nielah-Eyden,unknown,unknown,43,Commuting,7/10,18.72
891,1,Hoang-Eyden,Aug,Chrome,31,Commuting,3/10,20.34
892,1,Hoang-Keetra,unknown,IE,32,Commuting,5/10,17.11
893,1,Nielah-Eyden,Jan,Chrome,43,Commuting,5/10,18.92
894,0,Lunna-Eyden,unknown,unknown,29,Leisure,2/10,15.32
895,1,Lunna-Eyden,unknown,Chrome,30,Commuting,5/10,14.89
896,0,Lunna-Keetra,Oct,unknown,39,Leisure,6/10,12.38
897,0,Lunna-Keetra,unknown,Chrome,50,Commuting,3/10,12.38
898,0,Lunna-Keetra,Aug,IE,24,Commuting,1/10,12.42
899,1,Nielah-Eyden,unknown,IE,17,Commuting,3/10,18.74
900,1,Nielah-Eyden,Nov,Chrome,32,Commuting,7/10,18.67
901,0,Lunna-Eyden,Feb,Safari,36,Commuting,3/10,14.76
902,1,Nielah-Eyden,Aug,Chrome,32,Leisure,3/10,18.58
903,0,Lunna-Keetra,unknown,Chrome,32,Leisure,4/10,12.17
904,1,Lunna-Eyden,Jun,Chrome,31,Commuting,6/10,15.24
905,0,Lunna-Eyden,unknown,Android,40,Commuting,5/10,14.73
906,1,Nielah-Eyden,unknown,IE,40,Commuting,4/10,18.88
907,0,Lunna-Eyden,unknown,Firefox,44,Commuting,4/10,14.97
908,1,Hoang-Eyden,Jan,Opera,23,Commuting,5/10,20.86
909,1,Nielah-Eyden,Dec,Chrome,21,Commuting,2/10,18.64
910,0,Lunna-Keetra,Mar,Chrome,17,Commuting,7/10,12.07
911,1,Nielah-Eyden,unknown,Chrome,19,Commuting,3/10,19.72
912,0,Lunna-Keetra,unknown,Firefox,30,Leisure,4/10,12.52
913,1,Hoang-Eyden,unknown,Chrome,23,Leisure,3/10,20.56
914,1,Nielah-Eyden,May,IE,32,Commuting,7/10,18.75
915,0,Nielah-Eyden,Feb,Safari,19,Commuting,5/10,18.39
916,1,Lunna-Eyden,unknown,Firefox,43,Leisure,6/10,15.19
917,1,Nielah-Eyden,Apr,Chrome,48,Leisure,7/10,18.33
918,1,Nielah-Eyden,unknown,Chrome,20,Commuting,6/10,18.45
919,0,Nielah-Eyden,unknown,unknown,37,Commuting,5/10,18.65
920,0,Lunna-Keetra,Dec,Chrome,37,Commuting,4/10,12.18
921,0,Lunna-Eyden,unknown,Chrome,17,Leisure,2/10,14.83
922,0,Lunna-Keetra,Jul,Chrome,29,Leisure,3/10,13.1
923,0,Lunna-Keetra,Apr,IE,37,Leisure,4/10,12.15
924,0,Nielah-Eyden,Feb,unknown,34,Commuting,5/10,18.52
925,0,Nielah-Eyden,unknown,unknown,39,Commuting,6/10,18.77
926,1,Lunna-Eyden,Sep,IE,25,Leisure,4/10,15.28
927,1,Nielah-Eyden,Oct,Chrome,32,Commuting,8/10,18.96
928,1,Nielah-Eyden,unknown,IE,17,Commuting,4/10,18.28
929,1,Nielah-Eyden,Nov,Safari,30,Commuting,6/10,18.56
930,0,Hoang-Keetra,unknown,Chrome,25,Leisure,4/10,17.57
931,0,Lunna-Keetra,Jun,unknown,42,Leisure,4/10,12.48
932,0,Hoang-Keetra,unknown,Chrome,31,Commuting,2/10,17.54
933,1,Lunna-Eyden,unknown,Chrome,37,Commuting,7/10,17.14
934,1,Nielah-Eyden,Nov,unknown,33,Commuting,3/10,18.61
935,0,Nielah-Eyden,unknown,Chrome,26,Leisure,5/10,19.02
936,0,Nielah-Eyden,Mar,Firefox,26,Commuting,5/10,18.18
937,1,Hoang-Keetra,unknown,Opera,50,Leisure,6/10,17.07
938,1,Nielah-Eyden,unknown,Safari,36,Leisure,4/10,19.4
939,0,Lunna-Eyden,unknown,unknown,32,Commuting,4/10,15.1
940,1,Lunna-Eyden,Feb,Firefox,23,Commuting,3/10,15.4
941,1,Nielah-Eyden,Dec,Firefox,32,Commuting,6/10,18.68
942,1,Lunna-Eyden,May,Chrome,22,Leisure,3/10,15.62
943,1,Nielah-Eyden,unknown,Chrome,28,Leisure,5/10,18.82
944,0,Lunna-Keetra,Oct,Chrome,31,Commuting,4/10,12.26
945,0,Lunna-Eyden,unknown,Chrome,44,Commuting,2/10,15.07
946,0,Lunna-Keetra,unknown,Chrome,43,Leisure,6/10,11.93
947,0,Lunna-Eyden,unknown,Chrome,17,Commuting,5/10,14.78
948,0,Nielah-Eyden,Aug,Safari,22,Commuting,4/10,18.72
949,0,Nielah-Keetra,unknown,Chrome,21,Commuting,4/10,15.58
950,1,Nielah-Keetra,unknown,Opera,37,Commuting,5/10,15.69
951,1,Nielah-Eyden,Oct,Chrome,33,Commuting,6/10,18.58
952,1,Nielah-Eyden,Feb,Firefox,39,Commuting,7/10,18.95
953,0,Nielah-Eyden,Oct,Chrome,36,Commuting,4/10,18.07
954,1,Nielah-Keetra,unknown,Chrome,37,Commuting,6/10,15.64
955,1,Hoang-Eyden,unknown,Chrome,18,Leisure,7/10,21.37
956,0,Lunna-Eyden,Sep,Firefox,32,Commuting,7/10,15.22
957,1,Nielah-Eyden,Mar,Chrome,39,Commuting,3/10,18.42
958,1,Nielah-Eyden,unknown,unknown,29,Commuting,3/10,19.68
959,0,Lunna-Keetra,unknown,IE,19,Leisure,3/10,12.3
960,0,Nielah-Eyden,Oct,Chrome,33,Commuting,2/10,18.34
961,1,Nielah-Eyden,Apr,Safari,44,Leisure,6/10,18.92
962,0,Lunna-Keetra,Feb,Chrome,24,Commuting,3/10,11.94
963,1,Hoang-Eyden,unknown,Chrome,19,Commuting,6/10,20.26
964,1,Nielah-Eyden,Feb,Safari,45,Commuting,6/10,18.37
965,1,Lunna-Eyden,Dec,Chrome,34,Commuting,6/10,16.04
966,1,Lunna-Eyden,unknown,Chrome,38,Commuting,5/10,16.56
967,1,Nielah-Keetra,unknown,Firefox,41,Commuting,7/10,16.26
968,0,Nielah-Eyden,Mar,Chrome,21,Commuting,4/10,18.26
969,0,Nielah-Eyden,Oct,unknown,18,Commuting,3/10,18.64
970,0,Nielah-Eyden,unknown,Android,22,Commuting,5/10,18.55
971,0,Lunna-Eyden,unknown,Chrome,20,Leisure,2/10,15.6
972,1,Lunna-Eyden,Nov,IE,30,Commuting,6/10,16.09
973,1,Nielah-Eyden,unknown,Chrome,39,Commuting,8/10,18.67
974,1,Lunna-Eyden,Nov,Opera,49,Commuting,7/10,15.01
975,1,Nielah-Eyden,unknown,Chrome,45,Commuting,8/10,18.78
976,1,Lunna-Eyden,Sep,Chrome,34,Leisure,3/10,15.62
977,0,Lunna-Keetra,Jul,Opera,35,Commuting,4/10,11.96
978,1,Hoang-Eyden,Dec,Firefox,46,Commuting,4/10,22.41
979,0,Lunna-Keetra,Oct,Firefox,25,Leisure,3/10,12.2
980,0,Nielah-Eyden,Mar,Firefox,40,Leisure,5/10,18.53
981,0,Hoang-Eyden,Oct,IE,34,Leisure,5/10,20.22
982,1,Nielah-Eyden,May,Chrome,16,Commuting,6/10,18.9
983,0,Nielah-Keetra,unknown,IE,19,Commuting,4/10,16.26
984,1,Hoang-Eyden,unknown,Chrome,41,Commuting,3/10,20.7
985,0,Nielah-Eyden,Nov,Chrome,37,Commuting,4/10,19.15
986,0,Lunna-Keetra,unknown,Chrome,46,Commuting,4/10,12.1
987,0,Nielah-Keetra,Aug,Safari,39,Commuting,5/10,16.0
988,0,Lunna-Keetra,unknown,Chrome,19,Leisure,3/10,12.12
989,0,Lunna-Keetra,May,IE,41,Commuting,6/10,12.16
990,0,Lunna-Keetra,Feb,Chrome,32,Leisure,4/10,11.83
991,1,Nielah-Keetra,Sep,Android,32,Commuting,3/10,15.67
992,0,Lunna-Eyden,unknown,Firefox,48,Leisure,6/10,15.32
993,1,Nielah-Eyden,unknown,IE,32,Commuting,7/10,18.47
994,0,Nielah-Keetra,unknown,unknown,33,Leisure,2/10,16.1
995,1,Nielah-Eyden,unknown,Chrome,35,Commuting,4/10,20.4
996,1,Nielah-Eyden,unknown,unknown,22,Commuting,5/10,18.66
997,0,Lunna-Eyden,May,IE,44,Leisure,6/10,15.47
998,1,Nielah-Eyden,Jan,Opera,27,Commuting,6/10,18.89
999,1,Hoang-Eyden,Feb,Chrome,50,Commuting,5/10,20.7
1000,1,Nielah-Eyden,Aug,Chrome,33,Commuting,5/10,18.46
1001,1,Hoang-Keetra,May,Chrome,42,Commuting,4/10,17.97
1002,1,Nielah-Eyden,unknown,Chrome,18,Commuting,6/10,19.2
1003,1,Nielah-Eyden,Jun,Firefox,39,Commuting,4/10,19.02
1004,1,Lunna-Eyden,Oct,Firefox,32,Commuting,7/10,15.49
1005,1,Hoang-Keetra,Feb,Chrome,37,Leisure,4/10,17.78
1006,0,Hoang-Keetra,unknown,Firefox,19,Leisure,4/10,17.37
1007,1,Nielah-Eyden,Apr,Chrome,36,Commuting,4/10,18.76
1008,1,Hoang-Keetra,Feb,Chrome,44,Commuting,5/10,17.39
1009,1,Nielah-Eyden,unknown,Firefox,41,Commuting,7/10,18.74
1010,1,Hoang-Eyden,unknown,Chrome,32,Commuting,4/10,20.41
1011,0,Lunna-Eyden,unknown,Firefox,23,Commuting,3/10,15.29
1012,0,Lunna-Keetra,Jul,IE,30,Leisure,3/10,12.49
1013,0,Nielah-Eyden,May,Safari,42,Commuting,2/10,18.25
1014,1,Lunna-Eyden,unknown,Chrome,50,Commuting,4/10,15.28
1015,0,Lunna-Keetra,Nov,IE,16,Leisure,8/10,12.06
1016,1,Hoang-Eyden,Sep,Chrome,25,Leisure,5/10,20.1
1017,1,Nielah-Eyden,May,Chrome,21,Leisure,5/10,18.63
1018,1,Nielah-Eyden,unknown,Safari,33,Commuting,3/10,19.94
1019,0,Nielah-Eyden,unknown,unknown,32,Commuting,5/10,18.55
1020,1,Lunna-Eyden,Sep,Chrome,31,Commuting,6/10,14.97
1021,0,Lunna-Keetra,unknown,Chrome,32,Commuting,5/10,12.26
1022,1,Nielah-Eyden,Aug,Safari,37,Commuting,4/10,18.58
1023,0,Nielah-Eyden,unknown,Chrome,17,Commuting,3/10,18.66
1024,0,Lunna-Keetra,unknown,Chrome,19,Leisure,6/10,12.1
1025,0,Lunna-Eyden,unknown,Chrome,22,Commuting,1/10,14.91
1026,1,Nielah-Eyden,Feb,Firefox,23,Commuting,6/10,19.34
1027,1,Hoang-Eyden,unknown,unknown,49,Commuting,5/10,20.71
1028,1,Nielah-Eyden,unknown,unknown,30,Commuting,7/10,18.92
1029,1,Nielah-Eyden,unknown,Chrome,30,Commuting,6/10,19.56
1030,0,Lunna-Eyden,unknown,unknown,37,Commuting,6/10,15.06
1031,1,Nielah-Eyden,Jan,Chrome,48,Commuting,2/10,18.7
1032,0,Hoang-Eyden,unknown,Chrome,24,Leisure,6/10,20.21
1033,1,Nielah-Eyden,unknown,Chrome,21,Commuting,9/10,18.77
1034,0,Lunna-Eyden,unknown,IE,24,Commuting,7/10,15.8
1035,1,Nielah-Eyden,Nov,Chrome,29,Commuting,5/10,18.9
1036,1,Lunna-Eyden,unknown,Safari,28,Leisure,5/10,14.97
1037,1,Nielah-Keetra,unknown,Safari,16,Commuting,6/10,15.41
1038,1,Hoang-Eyden,unknown,Chrome,19,Leisure,6/10,20.8
1039,1,Hoang-Eyden,Apr,unknown,30,Leisure,5/10,20.33
1040,0,Lunna-Eyden,unknown,Chrome,19,Commuting,7/10,15.05
1041,1,Nielah-Eyden,unknown,Chrome,20,Commuting,8/10,19.92
1042,1,Hoang-Keetra,unknown,Chrome,19,Leisure,6/10,17.97
1043,1,Lunna-Eyden,Jan,Safari,41,Leisure,3/10,14.65
1044,0,Lunna-Eyden,unknown,Chrome,22,Leisure,6/10,15.33
1045,1,Nielah-Eyden,Mar,Chrome,32,Commuting,5/10,18.35
1046,1,Nielah-Eyden,unknown,Chrome,27,Commuting,5/10,19.17
1047,0,Lunna-Eyden,unknown,unknown,17,Commuting,3/10,15.19
1048,1,Hoang-Eyden,Nov,Chrome,20,Leisure,5/10,20.41
1049,1,Nielah-Keetra,unknown,IE,30,Commuting,5/10,15.81
1050,0,Lunna-Eyden,Apr,Chrome,43,Commuting,3/10,14.8
1051,0,Hoang-Keetra,unknown,IE,32,Commuting,4/10,17.03
1052,0,Lunna-Keetra,Apr,Chrome,50,Commuting,7/10,12.34
1053,1,Nielah-Eyden,unknown,Chrome,31,Commuting,5/10,18.78
1054,1,Nielah-Eyden,May,Firefox,26,Commuting,5/10,19.76
1055,0,Lunna-Keetra,May,Chrome,50,Commuting,3/10,12.43
1056,0,Lunna-Eyden,Nov,Chrome,34,Commuting,8/10,15.82
1057,0,Lunna-Eyden,unknown,Safari,17,Commuting,4/10,15.03
1058,0,Lunna-Keetra,Dec,unknown,21,Commuting,4/10,12.54
1059,0,Lunna-Eyden,unknown,Safari,25,Leisure,5/10,15.49
1060,1,Nielah-Eyden,Jun,IE,28,Leisure,5/10,18.41
1061,1,Nielah-Eyden,unknown,IE,26,Commuting,6/10,19.03
1062,1,Hoang-Eyden,Jul,IE,19,Leisure,7/10,20.27
1063,1,Nielah-Eyden,unknown,Chrome,39,Commuting,4/10,18.77
1064,1,Nielah-Eyden,Feb,Chrome,47,Leisure,3/10,18.91
1065,1,Nielah-Eyden,Dec,Chrome,33,Commuting,6/10,18.25
1066,0,Lunna-Eyden,May,Chrome,33,Commuting,6/10,15.07
1067,1,Lunna-Eyden,unknown,Firefox,47,Leisure,9/10,15.51
1068,1,Nielah-Eyden,Oct,Chrome,16,Leisure,7/10,18.53
1069,1,Nielah-Eyden,unknown,Chrome,47,Commuting,7/10,19.26
1070,1,Hoang-Eyden,unknown,IE,37,Leisure,5/10,20.07
1071,1,Nielah-Eyden,unknown,Safari,39,Commuting,5/10,18.31
1072,0,Hoang-Keetra,unknown,Chrome,20,Leisure,4/10,17.4
1073,1,Nielah-Keetra,unknown,Chrome,17,Leisure,4/10,15.87
1074,0,Lunna-Eyden,unknown,Chrome,22,Leisure,5/10,15.17
1075,1,Nielah-Eyden,May,Chrome,28,Leisure,6/10,19.35
1076,0,Lunna-Keetra,unknown,unknown,33,Commuting,3/10,12.44
1077,0,Nielah-Eyden,unknown,Chrome,36,Commuting,5/10,19.11
1078,1,Nielah-Eyden,unknown,Chrome,32,Commuting,3/10,18.77
1079,1,Nielah-Eyden,unknown,unknown,42,Commuting,7/10,19.57
1080,1,Hoang-Keetra,unknown,IE,26,Leisure,7/10,17.52
1081,1,Nielah-Eyden,Feb,Chrome,27,Commuting,5/10,19.85
1082,1,Nielah-Keetra,May,IE,42,Commuting,4/10,16.03
1083,1,Hoang-Keetra,Jul,Chrome,17,Leisure,5/10,17.69
1084,0,Lunna-Eyden,unknown,IE,37,Commuting,7/10,15.59
1085,1,Lunna-Eyden,Mar,Safari,41,Leisure,6/10,15.44
1086,0,Hoang-Keetra,Dec,Safari,36,Leisure,5/10,17.47
1087,0,Lunna-Eyden,unknown,Firefox,50,Leisure,3/10,14.79
1088,1,Hoang-Keetra,Mar,Firefox,19,Commuting,6/10,17.86
1089,1,Nielah-Eyden,Sep,Chrome,39,Commuting,4/10,19.48
1090,1,Lunna-Eyden,unknown,Chrome,39,Commuting,4/10,16.19
1091,1,Hoang-Keetra,unknown,Chrome,30,Commuting,4/10,17.07
1092,1,Nielah-Eyden,unknown,Chrome,32,Commuting,4/10,18.18
1093,1,Nielah-Eyden,Nov,Chrome,44,Leisure,5/10,18.77
1094,1,Hoang-Eyden,Mar,Safari,16,Commuting,3/10,20.7
1095,1,Nielah-Eyden,Sep,Chrome,26,Commuting,4/10,18.88
1096,1,Nielah-Eyden,unknown,Chrome,18,Commuting,7/10,18.34
1097,1,Hoang-Eyden,unknown,Chrome,43,Leisure,3/10,20.23
1098,1,Hoang-Keetra,unknown,unknown,28,Leisure,4/10,17.46
1099,0,Lunna-Keetra,Apr,unknown,19,Commuting,5/10,12.34
1100,1,Nielah-Eyden,Sep,Firefox,33,Commuting,5/10,18.96
1101,1,Hoang-Eyden,Feb,Chrome,38,Commuting,7/10,20.53
1102,0,Lunna-Keetra,unknown,Chrome,20,Leisure,5/10,12.69
1103,0,Lunna-Eyden,unknown,unknown,16,Commuting,7/10,14.93
1104,1,Lunna-Eyden,Jan,Firefox,32,Commuting,4/10,15.58
1105,1,Nielah-Eyden,Oct,IE,36,Commuting,5/10,19.44
1106,0,Nielah-Eyden,unknown,Chrome,32,Commuting,4/10,18.61
1107,1,Lunna-Eyden,Sep,IE,37,Commuting,8/10,15.87
1108,0,Lunna-Keetra,unknown,unknown,26,Commuting,4/10,12.55
1109,0,Lunna-Keetra,Aug,Firefox,39,Leisure,3/10,12.7
1110,1,Nielah-Eyden,unknown,Chrome,26,Commuting,6/10,19.28
1111,1,Nielah-Eyden,May,Chrome,32,Commuting,5/10,19.31
1112,1,Lunna-Keetra,unknown,Chrome,36,Commuting,6/10,12.13
1113,0,Hoang-Keetra,Sep,Firefox,43,Leisure,1/10,17.63
1114,0,Hoang-Keetra,unknown,Chrome,24,Commuting,6/10,17.85
1115,1,Hoang-Eyden,unknown,Firefox,34,Leisure,5/10,20.96
1116,1,Lunna-Eyden,Sep,IE,41,Commuting,4/10,15.66
1117,0,Lunna-Keetra,unknown,Chrome,25,Leisure,7/10,12.73
1118,1,Nielah-Keetra,unknown,Firefox,20,Commuting,4/10,15.43
1119,1,Nielah-Eyden,May,Chrome,30,Commuting,4/10,18.92
1120,1,Lunna-Keetra,Apr,Firefox,24,Commuting,6/10,12.6
1121,1,Nielah-Eyden,Jun,Chrome,17,Commuting,4/10,19.07
1122,1,Hoang-Keetra,Sep,Chrome,21,Leisure,7/10,17.04
1123,0,Lunna-Eyden,unknown,Chrome,45,Commuting,2/10,15.38
1124,1,Nielah-Eyden,unknown,IE,42,Commuting,8/10,18.65
1125,1,Nielah-Eyden,unknown,Chrome,24,Commuting,5/10,18.6
1126,0,Lunna-Keetra,Apr,IE,37,Leisure,5/10,11.82
1127,1,Nielah-Eyden,unknown,Chrome,47,Commuting,6/10,18.43
1128,0,Nielah-Eyden,unknown,Chrome,18,Commuting,5/10,19.11
1129,1,Hoang-Keetra,Oct,Chrome,43,Leisure,5/10,17.23
1130,1,Lunna-Eyden,Aug,Chrome,40,Commuting,5/10,15.09
1131,1,Nielah-Eyden,Jul,Android,23,Commuting,3/10,18.31
1132,0,Nielah-Keetra,unknown,Firefox,30,Commuting,3/10,15.62
1133,0,Nielah-Keetra,unknown,Firefox,27,Leisure,3/10,15.55
1134,0,Nielah-Eyden,Oct,Safari,25,Commuting,5/10,18.76
1135,1,Nielah-Keetra,unknown,Chrome,21,Commuting,6/10,15.52
1136,1,Nielah-Eyden,unknown,Chrome,26,Commuting,5/10,19.31
1137,0,Nielah-Eyden,unknown,Safari,22,Commuting,5/10,18.36
1138,1,Hoang-Eyden,unknown,IE,28,Leisure,6/10,20.51
1139,1,Lunna-Eyden,Jul,Chrome,50,Leisure,6/10,16.02
1140,1,Nielah-Eyden,Feb,Chrome,30,Commuting,5/10,18.49
1141,1,Lunna-Eyden,Jun,Safari,32,Commuting,8/10,15.19
1142,1,Nielah-Eyden,unknown,unknown,17,Commuting,5/10,18.51
1143,1,Hoang-Eyden,Jun,IE,30,Commuting,4/10,20.62
1144,1,Nielah-Eyden,unknown,Chrome,24,Leisure,6/10,18.46
1145,1,Hoang-Keetra,unknown,Chrome,41,Leisure,6/10,17.9
1146,1,Nielah-Eyden,Aug,Chrome,19,Commuting,6/10,18.29
1147,0,Lunna-Eyden,Oct,Android,49,Commuting,3/10,15.77
1148,1,Nielah-Eyden,unknown,Chrome,46,Leisure,4/10,18.17
1149,1,Nielah-Eyden,unknown,Chrome,24,Commuting,3/10,18.39
1150,0,Lunna-Eyden,Mar,Chrome,16,Leisure,4/10,16.45
1151,0,Hoang-Eyden,Feb,IE,32,Commuting,4/10,20.19
1152,0,Lunna-Eyden,unknown,Chrome,31,Commuting,3/10,15.82
1153,1,Nielah-Eyden,unknown,Chrome,41,Commuting,7/10,18.79
1154,0,Lunna-Keetra,unknown,Chrome,19,Leisure,5/10,12.26
1155,0,Hoang-Keetra,unknown,Chrome,48,Leisure,4/10,17.91
1156,1,Nielah-Eyden,unknown,Chrome,28,Commuting,5/10,18.72
1157,1,Hoang-Eyden,unknown,IE,43,Leisure,4/10,20.53
1158,1,Nielah-Keetra,unknown,Chrome,32,Leisure,5/10,15.49
1159,0,Lunna-Eyden,Mar,unknown,40,Commuting,5/10,15.23
1160,0,Lunna-Keetra,Dec,Chrome,36,Leisure,5/10,12.37
1161,0,Lunna-Eyden,unknown,Chrome,44,Leisure,4/10,15.83
1162,1,Nielah-Eyden,Dec,Safari,17,Leisure,6/10,18.78
1163,1,Nielah-Eyden,Jul,Firefox,34,Commuting,5/10,18.37
1164,0,Lunna-Eyden,Jan,Chrome,28,Commuting,5/10,15.16
1165,0,Nielah-Eyden,Sep,Chrome,18,Commuting,4/10,18.88
1166,0,Lunna-Eyden,Mar,Safari,19,Commuting,6/10,15.36
1167,1,Nielah-Keetra,unknown,IE,16,Commuting,6/10,15.31
1168,1,Lunna-Eyden,Aug,IE,37,Commuting,5/10,15.61
1169,0,Nielah-Keetra,unknown,unknown,43,Commuting,3/10,16.05
1170,1,Hoang-Keetra,unknown,Chrome,50,Leisure,6/10,17.16
1171,0,Lunna-Keetra,Jan,IE,16,Leisure,5/10,12.62
1172,0,Nielah-Eyden,unknown,Chrome,29,Commuting,3/10,18.52
1173,1,Lunna-Eyden,unknown,IE,20,Leisure,6/10,15.44
1174,1,Nielah-Eyden,unknown,unknown,37,Commuting,5/10,18.45
1175,0,Lunna-Eyden,unknown,Opera,45,Leisure,4/10,16.6
1176,0,Nielah-Eyden,unknown,unknown,26,Commuting,4/10,18.36
1177,1,Lunna-Eyden,unknown,IE,19,Commuting,8/10,15.21
1178,0,Nielah-Keetra,Feb,Chrome,32,Commuting,3/10,15.5
1179,1,Lunna-Eyden,unknown,Chrome,37,Leisure,7/10,17.07
1180,1,Lunna-Eyden,Jan,IE,43,Commuting,5/10,15.57
1181,0,Nielah-Eyden,Mar,Safari,40,Commuting,5/10,18.12
1182,1,Nielah-Keetra,unknown,Chrome,20,Commuting,6/10,15.59
1183,0,Lunna-Keetra,unknown,Chrome,38,Commuting,6/10,12.42
1184,0,Nielah-Eyden,unknown,IE,27,Commuting,3/10,18.32
1185,1,Nielah-Eyden,Jun,IE,41,Commuting,6/10,18.61
1186,1,Lunna-Eyden,Jun,Opera,38,Commuting,6/10,14.99
1187,0,Lunna-Eyden,unknown,Chrome,33,Commuting,5/10,15.11
1188,0,Nielah-Keetra,Oct,Chrome,43,Commuting,4/10,15.68
1189,1,Hoang-Eyden,unknown,Chrome,17,Commuting,3/10,20.97
1190,1,Nielah-Eyden,unknown,Safari,48,Commuting,6/10,18.6
1191,0,Lunna-Eyden,unknown,Android,17,Commuting,2/10,15.46
1192,0,Lunna-Keetra,unknown,IE,45,Leisure,5/10,11.88
1193,0,Lunna-Keetra,Sep,Chrome,45,Commuting,1/10,12.17
1194,1,Nielah-Eyden,unknown,Firefox,32,Commuting,8/10,18.86
1195,0,Lunna-Eyden,Aug,Chrome,48,Commuting,5/10,15.0
1196,1,Nielah-Eyden,Nov,Chrome,42,Commuting,7/10,19.25
1197,1,Nielah-Eyden,Jan,Chrome,41,Leisure,5/10,19.16
1198,0,Lunna-Keetra,unknown,Chrome,26,Commuting,5/10,12.25
1199,0,Lunna-Keetra,Apr,Android,44,Leisure,2/10,12.31
1200,1,Lunna-Eyden,Sep,Chrome,29,Commuting,4/10,15.62
1201,1,Hoang-Eyden,unknown,unknown,24,Leisure,7/10,20.47
1202,1,Nielah-Eyden,unknown,Safari,20,Commuting,3/10,18.87
1203,1,Nielah-Eyden,unknown,Safari,49,Commuting,6/10,19.1
1204,0,Nielah-Keetra,May,Firefox,47,Commuting,4/10,15.36
1205,1,Nielah-Keetra,Jan,Chrome,32,Commuting,5/10,15.85
1206,0,Lunna-Keetra,Aug,IE,16,Commuting,3/10,12.14
1207,1,Nielah-Eyden,May,IE,31,Commuting,8/10,19.22
1208,0,Lunna-Eyden,unknown,Firefox,39,Leisure,5/10,15.26
1209,1,Nielah-Keetra,Apr,Safari,23,Commuting,9/10,15.69
1210,1,Nielah-Eyden,Jul,Chrome,27,Commuting,3/10,18.73
1211,1,Nielah-Eyden,unknown,Android,39,Commuting,3/10,19.04
1212,0,Nielah-Keetra,Nov,Chrome,26,Leisure,7/10,15.74
1213,1,Hoang-Eyden,Apr,Firefox,22,Commuting,6/10,20.39
1214,1,Lunna-Eyden,unknown,Firefox,21,Leisure,7/10,15.04
1215,1,Nielah-Eyden,unknown,Firefox,17,Commuting,6/10,19.36
1216,0,Lunna-Eyden,Jan,Chrome,21,Leisure,5/10,15.46
1217,1,Nielah-Eyden,unknown,Chrome,40,Commuting,8/10,19.01
1218,1,Nielah-Eyden,Dec,IE,24,Commuting,4/10,18.67
1219,1,Nielah-Eyden,Aug,Firefox,19,Commuting,7/10,19.58
1220,0,Nielah-Keetra,unknown,Chrome,20,Leisure,4/10,15.57
1221,0,Lunna-Keetra,Jun,Chrome,19,Leisure,3/10,12.45
1222,1,Nielah-Keetra,Sep,Firefox,23,Commuting,6/10,15.74
1223,1,Hoang-Keetra,Jun,Chrome,49,Leisure,7/10,17.43
1224,1,Nielah-Eyden,unknown,IE,22,Commuting,5/10,18.25
1225,0,Lunna-Eyden,unknown,IE,22,Commuting,4/10,14.85
1226,1,Nielah-Eyden,unknown,Firefox,26,Commuting,5/10,18.49
1227,0,Lunna-Eyden,Mar,Firefox,43,Commuting,5/10,14.86
1228,0,Lunna-Eyden,Jan,Firefox,33,Leisure,2/10,16.16
1229,1,Nielah-Eyden,unknown,IE,23,Leisure,7/10,19.24
1230,1,Hoang-Eyden,Aug,Safari,38,Commuting,7/10,20.11
1231,1,Nielah-Eyden,Mar,IE,23,Leisure,6/10,19.07
1232,0,Lunna-Eyden,unknown,Chrome,41,Commuting,5/10,15.16
1233,0,Hoang-Keetra,Oct,Chrome,50,Leisure,3/10,17.37
1234,1,Nielah-Eyden,Aug,unknown,16,Commuting,9/10,19.54
1235,1,Nielah-Eyden,unknown,unknown,18,Commuting,5/10,19.21
1236,0,Lunna-Keetra,Jun,Android,31,Leisure,5/10,12.15
1237,0,Nielah-Eyden,Sep,Chrome,43,Commuting,4/10,18.42
1238,0,Lunna-Keetra,Jul,Firefox,18,Leisure,2/10,11.75
1239,1,Lunna-Eyden,Mar,Chrome,32,Leisure,6/10,15.29
1240,1,Lunna-Eyden,unknown,Firefox,32,Commuting,5/10,14.92
1241,0,Nielah-Keetra,Dec,Chrome,46,Commuting,3/10,15.69
1242,0,Lunna-Eyden,Jan,Chrome,20,Commuting,3/10,15.15
1243,0,Nielah-Eyden,unknown,Chrome,25,Commuting,6/10,18.61
1244,0,Lunna-Keetra,Mar,Firefox,19,Leisure,7/10,12.81
1245,0,Lunna-Keetra,unknown,Chrome,45,Commuting,6/10,12.29
1246,1,Lunna-Keetra,May,Chrome,35,Commuting,3/10,13.33
1247,1,Hoang-Eyden,unknown,Chrome,23,Commuting,5/10,20.21
1248,1,Lunna-Eyden,May,Chrome,29,Commuting,5/10,15.0
1249,0,Lunna-Keetra,Apr,Chrome,35,Leisure,5/10,12.22
1250,0,Nielah-Eyden,unknown,unknown,36,Commuting,5/10,18.19
1251,1,Nielah-Eyden,unknown,unknown,25,Commuting,3/10,18.57
1252,0,Lunna-Keetra,unknown,Chrome,46,Commuting,5/10,11.78
1253,0,Nielah-Eyden,Apr,unknown,22,Leisure,5/10,18.35
1254,0,Lunna-Eyden,May,Chrome,28,Commuting,3/10,15.06
1255,0,Nielah-Eyden,Feb,Chrome,29,Commuting,2/10,18.33
1256,0,Hoang-Eyden,unknown,unknown,19,Commuting,4/10,19.88
1257,1,Nielah-Eyden,unknown,Safari,20,Commuting,7/10,18.47
1258,0,Lunna-Eyden,unknown,Chrome,36,Commuting,5/10,15.13
1259,0,Nielah-Eyden,unknown,Firefox,32,Commuting,4/10,18.3
1260,1,Lunna-Eyden,Jan,Firefox,36,Commuting,4/10,14.86
1261,1,Hoang-Eyden,unknown,Chrome,33,Commuting,7/10,19.97
1262,1,Lunna-Eyden,unknown,Chrome,44,Leisure,7/10,14.75
1263,1,Hoang-Keetra,Jul,IE,27,Leisure,4/10,17.76
1264,1,Nielah-Eyden,Aug,unknown,24,Commuting,8/10,18.55
1265,1,Nielah-Eyden,unknown,unknown,41,Commuting,6/10,18.43
1266,1,Lunna-Eyden,Nov,Safari,28,Commuting,6/10,15.69
1267,1,Lunna-Eyden,Oct,Safari,22,Commuting,5/10,15.5
1268,0,Lunna-Eyden,Dec,Safari,19,Commuting,4/10,15.4
1269,1,Nielah-Keetra,unknown,Chrome,16,Commuting,5/10,15.43
1270,0,Lunna-Keetra,unknown,Chrome,18,Commuting,3/10,12.01
1271,0,Lunna-Eyden,May,Chrome,26,Commuting,4/10,14.7
1272,1,Nielah-Eyden,May,IE,21,Commuting,4/10,19.91
1273,1,Hoang-Keetra,Sep,IE,26,Leisure,7/10,17.76
1274,0,Lunna-Eyden,unknown,Firefox,20,Commuting,7/10,15.51
1275,1,Nielah-Eyden,Oct,IE,27,Commuting,6/10,18.32
1276,1,Nielah-Eyden,Aug,unknown,42,Commuting,6/10,18.57
1277,1,Hoang-Eyden,Nov,Chrome,25,Commuting,6/10,20.27
1278,1,Nielah-Eyden,Nov,Chrome,34,Commuting,6/10,18.77
1279,1,Lunna-Keetra,unknown,Chrome,27,Leisure,6/10,11.79
1280,1,Nielah-Eyden,May,Firefox,21,Commuting,6/10,18.84
1281,1,Nielah-Eyden,Oct,Firefox,35,Commuting,4/10,18.34
1282,1,Nielah-Eyden,Oct,Chrome,39,Commuting,6/10,18.69
1283,0,Nielah-Eyden,unknown,Safari,32,Commuting,4/10,19.22
1284,1,Nielah-Eyden,Feb,Chrome,22,Leisure,2/10,20.02
1285,0,Nielah-Keetra,Apr,Chrome,32,Leisure,4/10,15.58
1286,1,Nielah-Eyden,Feb,Chrome,25,Commuting,5/10,18.35
1287,0,Hoang-Eyden,Dec,IE,46,Commuting,4/10,20.17
1288,1,Hoang-Keetra,unknown,unknown,17,Leisure,4/10,17.54
1289,1,Nielah-Eyden,Apr,Chrome,35,Commuting,8/10,19.62
1290,0,Lunna-Keetra,Jan,Chrome,47,Leisure,6/10,12.08
1291,0,Lunna-Eyden,unknown,Chrome,31,Commuting,4/10,14.9
1292,1,Nielah-Eyden,unknown,Android,33,Commuting,6/10,18.41
1293,1,Nielah-Eyden,Apr,Chrome,40,Commuting,4/10,18.94
1294,0,Lunna-Eyden,unknown,Chrome,31,Commuting,6/10,15.27
1295,1,Hoang-Eyden,unknown,Chrome,31,Leisure,5/10,20.49
1296,1,Nielah-Eyden,Jan,Chrome,17,Commuting,4/10,19.66
1297,0,Nielah-Eyden,Jun,Firefox,24,Commuting,3/10,18.67
1298,1,Lunna-Eyden,unknown,Chrome,41,Commuting,4/10,15.8
1299,0,Nielah-Eyden,unknown,Chrome,32,Commuting,6/10,18.59
1300,1,Lunna-Keetra,Oct,IE,45,Commuting,5/10,12.23
1301,1,Hoang-Eyden,unknown,unknown,17,Leisure,5/10,20.55
1302,0,Nielah-Eyden,unknown,Firefox,19,Commuting,6/10,18.53
1303,1,Lunna-Eyden,Jul,Chrome,47,Commuting,4/10,15.06
1304,1,Nielah-Eyden,May,Chrome,17,Commuting,6/10,18.37
1305,0,Nielah-Eyden,unknown,Chrome,43,Commuting,5/10,19.22
1306,1,Nielah-Eyden,Oct,Chrome,28,Commuting,4/10,19.92
1307,1,Nielah-Eyden,Nov,Firefox,47,Commuting,6/10,18.92
1308,1,Nielah-Eyden,unknown,Chrome,32,Commuting,6/10,18.82
1309,1,Lunna-Keetra,Mar,Opera,37,Commuting,4/10,12.45
1310,1,Nielah-Eyden,unknown,Chrome,25,Commuting,4/10,18.88
1311,0,Lunna-Eyden,Jan,Safari,30,Commuting,3/10,15.72
1312,0,Lunna-Eyden,unknown,Safari,48,Leisure,5/10,15.07
1313,1,Hoang-Eyden,unknown,Safari,36,Commuting,5/10,20.07
1314,1,Hoang-Eyden,unknown,Chrome,32,Commuting,5/10,20.36
1315,1,Hoang-Keetra,unknown,Chrome,32,Commuting,6/10,17.21
1316,1,Hoang-Eyden,unknown,Safari,32,Leisure,5/10,20.53
1317,0,Lunna-Eyden,Feb,Chrome,17,Leisure,5/10,15.59
1318,0,Nielah-Eyden,Mar,Chrome,46,Commuting,6/10,18.59
1319,1,Lunna-Eyden,unknown,IE,16,Commuting,6/10,15.67
1320,1,Nielah-Eyden,Jan,Safari,38,Commuting,7/10,19.17
1321,1,Nielah-Eyden,Sep,Firefox,44,Commuting,4/10,19.0
1322,1,Nielah-Eyden,unknown,Safari,45,Commuting,4/10,19.16
1323,0,Nielah-Eyden,unknown,Chrome,48,Commuting,4/10,18.58
1324,1,Nielah-Eyden,unknown,Chrome,30,Commuting,4/10,18.42
1325,0,Hoang-Keetra,Jan,Safari,42,Leisure,5/10,17.3
1326,1,Nielah-Eyden,Sep,IE,40,Commuting,6/10,18.62
1327,0,Hoang-Keetra,unknown,IE,33,Leisure,6/10,17.41
1328,0,Lunna-Eyden,unknown,Chrome,26,Leisure,3/10,15.08
1329,1,Nielah-Eyden,Jan,Chrome,41,Leisure,7/10,19.48
1330,1,Hoang-Keetra,Nov,unknown,39,Leisure,5/10,17.85
1331,1,Hoang-Keetra,unknown,Android,16,Leisure,4/10,17.49
1332,0,Nielah-Keetra,unknown,Chrome,47,Commuting,6/10,15.46
1333,1,Nielah-Eyden,unknown,Chrome,35,Commuting,7/10,19.75
1334,1,Hoang-Keetra,unknown,IE,31,Leisure,6/10,17.83
1335,1,Nielah-Keetra,unknown,IE,17,Commuting,4/10,15.63
1336,0,Nielah-Eyden,unknown,IE,45,Commuting,5/10,18.29
1337,1,Lunna-Eyden,Dec,Chrome,21,Commuting,4/10,15.22
1338,1,Nielah-Eyden,Jul,Chrome,16,Commuting,5/10,18.63
1339,0,Lunna-Eyden,Jul,Safari,37,Commuting,4/10,15.2
1340,1,Lunna-Eyden,Jul,Firefox,48,Commuting,4/10,15.18
1341,1,Nielah-Eyden,unknown,Chrome,22,Commuting,5/10,19.71
1342,0,Lunna-Eyden,Jan,Chrome,17,Leisure,3/10,15.28
1343,0,Nielah-Keetra,unknown,Chrome,46,Commuting,7/10,15.74
1344,0,Nielah-Keetra,unknown,Chrome,27,Commuting,3/10,15.42
1345,1,Nielah-Eyden,Apr,Chrome,40,Commuting,5/10,18.88
1346,1,Lunna-Eyden,Sep,Chrome,42,Leisure,7/10,15.38
1347,1,Nielah-Eyden,Oct,Chrome,45,Commuting,4/10,18.95
1348,0,Lunna-Eyden,unknown,Firefox,20,Leisure,6/10,15.01
1349,0,Lunna-Eyden,unknown,Safari,32,Leisure,3/10,14.98
1350,0,Lunna-Keetra,unknown,unknown,44,Commuting,6/10,12.61
1351,1,Nielah-Eyden,unknown,Chrome,49,Commuting,5/10,18.67
1352,0,Lunna-Keetra,unknown,Chrome,22,Leisure,3/10,12.19
1353,0,Lunna-Keetra,unknown,Chrome,18,Commuting,5/10,11.94
1354,0,Nielah-Eyden,unknown,Chrome,29,Leisure,3/10,18.53
1355,1,Nielah-Eyden,May,Chrome,26,Commuting,6/10,18.93
1356,1,Lunna-Keetra,Jun,Firefox,21,Leisure,8/10,13.67
1357,0,Lunna-Keetra,unknown,Chrome,21,Leisure,5/10,12.28
1358,1,Lunna-Eyden,unknown,Safari,22,Commuting,2/10,15.57
1359,1,Nielah-Eyden,unknown,IE,48,Commuting,8/10,18.25
1360,1,Lunna-Eyden,unknown,Chrome,23,Commuting,4/10,16.36
1361,0,Lunna-Eyden,unknown,Chrome,47,Leisure,3/10,14.9
1362,1,Nielah-Eyden,unknown,Safari,27,Commuting,5/10,19.83
1363,0,Lunna-Keetra,Aug,Chrome,23,Commuting,3/10,11.88
1364,0,Lunna-Keetra,Oct,Chrome,21,Commuting,5/10,12.76
1365,0,Nielah-Keetra,unknown,Chrome,18,Commuting,4/10,16.59
1366,1,Hoang-Eyden,unknown,Firefox,25,Commuting,5/10,20.36
1367,1,Hoang-Eyden,unknown,unknown,44,Commuting,6/10,21.04
1368,1,Nielah-Eyden,Jun,Chrome,28,Commuting,6/10,18.21
1369,0,Lunna-Eyden,unknown,Firefox,33,Commuting,5/10,14.99
1370,1,Nielah-Eyden,Aug,Safari,16,Commuting,3/10,19.19
1371,1,Lunna-Keetra,unknown,IE,45,Leisure,4/10,12.38
1372,1,Nielah-Keetra,unknown,unknown,48,Commuting,7/10,16.51
1373,0,Lunna-Eyden,unknown,Safari,39,Commuting,3/10,15.63
1374,1,Nielah-Eyden,unknown,Chrome,19,Commuting,7/10,18.42
1375,1,Nielah-Eyden,May,Firefox,25,Commuting,5/10,18.48
1376,1,Nielah-Eyden,Jul,unknown,43,Commuting,7/10,18.29
1377,1,Hoang-Eyden,unknown,Chrome,20,Commuting,4/10,20.43
1378,0,Nielah-Eyden,unknown,Firefox,17,Commuting,3/10,18.52
1379,1,Nielah-Eyden,Aug,unknown,25,Commuting,7/10,18.93
1380,0,Nielah-Eyden,Jun,Chrome,44,Commuting,6/10,18.47
1381,1,Hoang-Keetra,unknown,Chrome,27,Leisure,4/10,17.31
1382,1,Hoang-Eyden,Feb,Safari,46,Leisure,4/10,20.28
1383,1,Lunna-Eyden,unknown,Chrome,32,Commuting,8/10,15.59
1384,0,Lunna-Keetra,Mar,Chrome,32,Leisure,4/10,12.22
1385,0,Nielah-Eyden,Jan,Firefox,42,Commuting,6/10,18.56
1386,0,Lunna-Keetra,Jul,IE,26,Commuting,4/10,12.72
1387,1,Lunna-Eyden,unknown,Firefox,48,Commuting,6/10,15.39
1388,1,Nielah-Keetra,unknown,Chrome,44,Commuting,5/10,15.93
1389,1,Nielah-Eyden,Sep,unknown,30,Leisure,6/10,18.63
1390,0,Nielah-Eyden,unknown,IE,46,Commuting,6/10,19.06
1391,1,Nielah-Eyden,Feb,Chrome,46,Commuting,5/10,18.7
1392,1,Nielah-Eyden,unknown,Chrome,40,Commuting,6/10,19.62
1393,0,Nielah-Eyden,Apr,IE,23,Commuting,6/10,18.41
1394,1,Lunna-Eyden,unknown,IE,39,Commuting,7/10,14.84
1395,1,Hoang-Eyden,unknown,Chrome,32,Commuting,6/10,21.97
1396,1,Nielah-Eyden,Jul,Chrome,37,Commuting,3/10,19.0
1397,0,Lunna-Eyden,unknown,unknown,43,Leisure,4/10,14.91
1398,1,Nielah-Eyden,Apr,IE,18,Commuting,7/10,19.05
1399,0,Lunna-Keetra,May,IE,17,Leisure,5/10,12.16
1400,0,Hoang-Keetra,unknown,Opera,24,Commuting,4/10,17.78
1401,1,Nielah-Eyden,May,IE,38,Commuting,6/10,19.98
1402,1,Nielah-Eyden,unknown,Safari,22,Commuting,4/10,18.72
1403,0,Lunna-Eyden,Mar,Chrome,30,Leisure,3/10,15.41
1404,0,Nielah-Eyden,unknown,IE,35,Commuting,6/10,18.7
1405,0,Lunna-Keetra,unknown,IE,16,Commuting,5/10,12.68
1406,0,Nielah-Keetra,unknown,Chrome,45,Commuting,5/10,16.15
1407,1,Nielah-Eyden,Apr,Chrome,45,Commuting,5/10,18.65
1408,0,Nielah-Eyden,unknown,Firefox,31,Commuting,3/10,18.44
1409,0,Lunna-Keetra,Jun,Chrome,20,Commuting,3/10,12.18
1410,1,Nielah-Eyden,Jul,unknown,34,Commuting,7/10,19.58
1411,0,Nielah-Eyden,unknown,IE,20,Commuting,7/10,18.14
1412,1,Nielah-Eyden,unknown,IE,49,Commuting,4/10,18.65
1413,0,Lunna-Eyden,Nov,Chrome,36,Commuting,4/10,15.3
1414,1,Nielah-Eyden,unknown,IE,47,Commuting,6/10,18.68
1415,0,Lunna-Eyden,unknown,IE,34,Commuting,3/10,15.22
1416,1,Nielah-Eyden,unknown,IE,45,Commuting,6/10,19.23
1417,1,Nielah-Eyden,unknown,Chrome,20,Commuting,4/10,18.88
1418,0,Lunna-Eyden,unknown,unknown,27,Commuting,7/10,15.01
1419,1,Nielah-Eyden,May,Chrome,45,Commuting,4/10,19.94
1420,0,Lunna-Eyden,unknown,IE,29,Commuting,4/10,15.51
1421,1,Nielah-Eyden,May,Chrome,18,Commuting,4/10,19.33
1422,1,Nielah-Eyden,Nov,Chrome,28,Commuting,6/10,18.31
1423,1,Nielah-Eyden,Oct,Chrome,49,Commuting,4/10,18.84
1424,0,Nielah-Eyden,unknown,unknown,49,Commuting,6/10,18.69
1425,0,Lunna-Eyden,unknown,Firefox,48,Commuting,4/10,14.83
1426,0,Lunna-Eyden,Nov,Safari,31,Leisure,7/10,15.4
1427,1,Hoang-Keetra,unknown,Chrome,45,Commuting,7/10,17.37
1428,1,Hoang-Eyden,unknown,Chrome,22,Commuting,3/10,20.61
1429,1,Hoang-Eyden,Feb,Chrome,45,Commuting,6/10,20.26
1430,0,Nielah-Eyden,Jan,Firefox,32,Commuting,4/10,18.45
1431,1,Lunna-Eyden,unknown,IE,39,Commuting,7/10,15.26
1432,0,Nielah-Eyden,Feb,unknown,36,Commuting,4/10,18.69
1433,0,Nielah-Eyden,Jun,Chrome,18,Commuting,6/10,18.23
1434,1,Nielah-Keetra,unknown,Chrome,20,Leisure,7/10,15.67
1435,1,Nielah-Eyden,unknown,IE,31,Commuting,7/10,18.45
1436,0,Lunna-Keetra,Nov,Safari,28,Leisure,4/10,12.08
1437,0,Nielah-Eyden,Mar,Chrome,21,Commuting,5/10,18.57
1438,0,Nielah-Eyden,Nov,Chrome,39,Commuting,4/10,18.77
1439,0,Nielah-Keetra,unknown,Firefox,46,Commuting,5/10,15.94
1440,1,Nielah-Eyden,unknown,Chrome,44,Commuting,5/10,18.42
1441,1,Nielah-Eyden,Jan,Chrome,27,Commuting,6/10,18.9
1442,1,Nielah-Eyden,unknown,Chrome,48,Commuting,6/10,18.63
1443,1,Nielah-Eyden,Jul,Chrome,45,Commuting,5/10,18.75
1444,0,Lunna-Eyden,May,IE,38,Commuting,5/10,14.97
1445,0,Nielah-Eyden,unknown,Chrome,30,Commuting,4/10,18.66
1446,0,Lunna-Keetra,Apr,IE,32,Commuting,6/10,12.1
1447,1,Nielah-Eyden,Oct,Chrome,48,Commuting,5/10,19.05
1448,1,Nielah-Eyden,Aug,Opera,41,Leisure,7/10,18.43
1449,1,Hoang-Eyden,unknown,unknown,46,Commuting,7/10,21.07
1450,0,Hoang-Keetra,Jan,Chrome,47,Leisure,5/10,18.21
1451,1,Nielah-Eyden,unknown,Firefox,25,Commuting,4/10,18.56
1452,1,Lunna-Keetra,unknown,Chrome,46,Commuting,6/10,12.15
1453,1,Nielah-Eyden,Nov,Firefox,29,Commuting,7/10,19.15
1454,0,Nielah-Eyden,unknown,Firefox,23,Leisure,4/10,18.21
1455,1,Nielah-Eyden,Jan,Firefox,41,Commuting,6/10,18.69
1456,0,Hoang-Keetra,unknown,unknown,35,Leisure,5/10,17.32
1457,0,Nielah-Eyden,unknown,Firefox,34,Commuting,2/10,19.33
1458,0,Nielah-Eyden,unknown,IE,44,Commuting,4/10,18.44
1459,1,Lunna-Eyden,Mar,unknown,32,Commuting,5/10,16.35
1460,1,Nielah-Eyden,unknown,IE,48,Commuting,7/10,18.37
1461,0,Nielah-Keetra,unknown,unknown,22,Leisure,6/10,15.62
1462,1,Nielah-Eyden,Jul,unknown,50,Commuting,7/10,18.9
1463,1,Nielah-Eyden,Dec,Firefox,32,Leisure,4/10,18.5
1464,1,Nielah-Eyden,Feb,Firefox,40,Commuting,2/10,18.29
1465,1,Nielah-Eyden,unknown,IE,49,Commuting,1/10,18.58
1466,1,Hoang-Eyden,Jul,Chrome,40,Leisure,5/10,21.37
1467,0,Lunna-Eyden,unknown,Firefox,26,Commuting,6/10,15.23
1468,1,Nielah-Keetra,unknown,Chrome,21,Commuting,6/10,15.89
1469,1,Nielah-Eyden,unknown,Chrome,23,Leisure,8/10,18.43
1470,1,Hoang-Keetra,unknown,Chrome,20,Leisure,7/10,17.66
1471,0,Lunna-Eyden,Apr,IE,37,Leisure,6/10,15.82
1472,1,Hoang-Eyden,unknown,Chrome,25,Commuting,6/10,20.83
1473,0,Nielah-Eyden,Jun,unknown,16,Commuting,8/10,18.67
1474,1,Nielah-Eyden,unknown,Firefox,31,Commuting,7/10,18.08
1475,1,Lunna-Eyden,Sep,Chrome,36,Commuting,6/10,14.92
1476,0,Nielah-Eyden,Apr,Chrome,18,Commuting,3/10,19.02
1477,1,Nielah-Eyden,Jan,Chrome,27,Commuting,8/10,19.64
1478,0,Nielah-Eyden,Dec,Chrome,18,Commuting,4/10,18.56
1479,1,Nielah-Eyden,Jul,unknown,47,Commuting,7/10,19.91
1480,1,Nielah-Eyden,Sep,Chrome,40,Commuting,5/10,18.82
1481,0,Nielah-Eyden,unknown,unknown,38,Commuting,6/10,18.59
1482,1,Nielah-Eyden,Nov,unknown,39,Commuting,6/10,19.21
1483,1,Nielah-Eyden,Feb,IE,24,Commuting,6/10,19.0
1484,1,Nielah-Eyden,unknown,IE,25,Commuting,6/10,19.51
1485,1,Nielah-Eyden,Sep,Chrome,16,Commuting,5/10,18.27
1486,1,Lunna-Keetra,Jan,Safari,33,Leisure,8/10,12.97
1487,1,Nielah-Eyden,Aug,Firefox,35,Commuting,6/10,19.0
1488,1,Nielah-Eyden,May,Firefox,44,Commuting,4/10,19.79
1489,1,Nielah-Eyden,unknown,Chrome,42,Commuting,6/10,18.66
1490,1,Nielah-Eyden,Aug,Chrome,20,Leisure,4/10,18.79
1491,1,Nielah-Eyden,unknown,Safari,46,Commuting,5/10,18.98
1492,0,Nielah-Eyden,Mar,Chrome,27,Leisure,4/10,18.99
1493,1,Nielah-Eyden,unknown,Chrome,48,Commuting,8/10,18.14
1494,1,Nielah-Eyden,unknown,Safari,26,Leisure,5/10,19.07
1495,1,Nielah-Eyden,May,Chrome,32,Leisure,6/10,18.76
1496,1,Nielah-Eyden,Mar,unknown,39,Commuting,5/10,18.56
1497,1,Nielah-Eyden,Nov,Chrome,21,Commuting,8/10,20.22
1498,0,Nielah-Eyden,unknown,Safari,45,Commuting,3/10,18.51
1499,1,Hoang-Eyden,unknown,IE,37,Leisure,3/10,20.47
